min_x,max_x,mean_x,q25_x,q50_x,q75_x,min_y,max_y,mean_y,q25_y,q50_y,q75_y,min_euclidean,max_euclidean,mean_euclidean,q25_euclidean,q50_euclidean,q75_euclidean
0.013698578,5.62533,1.4520676,0.42449450492858887,1.0364532470703125,2.151029586791992,0.010065079,4.5913143,1.1246105,0.32415103912353516,0.8553905487060547,1.5722465515136719,0.3523618,7.193874,2.0368354,0.8274630904197693,1.8199065923690796,2.661696434020996
