min_x,max_x,mean_x,q25_x,q50_x,q75_x,min_y,max_y,mean_y,q25_y,q50_y,q75_y,min_euclidean,max_euclidean,mean_euclidean,q25_euclidean,q50_euclidean,q75_euclidean
0.011492252,7.0286894,1.6051879,0.6944770812988281,1.2058005332946777,2.29150128364563,0.002796173,2.8430586,1.0392889,0.2539684772491455,0.764427661895752,1.777707576751709,0.23050624,7.1875725,2.0766273,1.00470931828022,2.0343732833862305,2.963086724281311
