test_value,test_samples_amount,min_x,max_x,mean_x,q25_x,q50_x,q75_x,min_y,max_y,mean_y,q25_y,q50_y,q75_y,min_euclidean,max_euclidean,mean_euclidean,q25_euclidean,q50_euclidean,q75_euclidean,standard_deviation_euclidean
max,42,0.077568054,4.25504,1.3066585,0.48886239528656006,1.1323046684265137,1.609213948249817,0.13350105,5.549655,1.5050715,0.6286664009094238,1.1323833465576172,1.6883271932601929,0.38757503,5.586949,2.2465024,1.368926078081131,1.9798424243927002,2.933179199695587,1.293565
min,42,0.25430012,10.393691,2.4279382,0.8498396873474121,1.8698844909667969,3.6195152401924133,0.0009851456,6.441495,1.9347357,0.8780347108840942,1.5797958374023438,2.7237653732299805,0.26623887,10.775379,3.3713408,1.744099646806717,3.2564882040023804,4.688689589500427,2.1218705
mean,42,0.107645035,5.020705,1.7484274,0.7306714057922363,1.308224081993103,2.8389623165130615,0.00018978119,3.859764,1.3734905,0.7006974220275879,1.2814545631408691,2.128957986831665,0.1120527,5.916068,2.4407876,1.4204430878162384,2.2935656309127808,3.332244873046875,1.3678633
median,42,0.030631065,5.37113,1.9161577,0.641749382019043,1.6110023856163025,3.0849449634552,0.058525085,4.2165966,1.2866343,0.6384785175323486,1.1115965843200684,1.77693772315979,0.5523806,5.559502,2.4900584,1.3856530487537384,2.192688286304474,3.5688825249671936,1.342635
tss,42,0.043064594,8.44497,2.1601324,0.8480169773101807,1.6612502336502075,3.2569271326065063,0.023247719,6.382716,1.590362,0.5977233648300171,1.0073838233947754,2.382007122039795,0.2347633,8.991903,2.9483004,1.668049156665802,2.7880795001983643,3.814937949180603,1.9141619
