test_value,test_samples_amount,min_x,max_x,mean_x,q25_x,q50_x,q75_x,min_y,max_y,mean_y,q25_y,q50_y,q75_y,min_euclidean,max_euclidean,mean_euclidean,q25_euclidean,q50_euclidean,q75_euclidean,standard_deviation_euclidean
max,42,0.077568054,4.255041,1.3066584,0.4888629913330078,1.1323037147521973,1.6092135906219482,0.133502,5.549655,1.5050715,0.6286656856536865,1.132382869720459,1.688327431678772,0.38757503,5.586949,2.246502,1.3689239621162415,1.979840874671936,2.933177888393402,1.2935648
min,42,0.25429916,10.393691,2.4279382,0.8498396873474121,1.8698830604553223,3.6195141673088074,0.0009851456,6.441497,1.9347358,0.8780349493026733,1.5797970294952393,2.7237653732299805,0.26623887,10.775379,3.3713405,1.744100272655487,3.2564878463745117,4.688689231872559,2.1218705
mean,42,0.107645035,5.0207043,1.7484274,0.7306694984436035,1.308224081993103,2.8389623165130615,0.00018978119,3.859764,1.3734905,0.7006969451904297,1.281454086303711,2.128957986831665,0.1120527,5.916067,2.4407876,1.420442521572113,2.293564796447754,3.332244634628296,1.3678632
median,42,0.030633926,5.3711305,1.9161581,0.6417522430419922,1.611002266407013,3.084947109222412,0.05852604,4.2165966,1.2866347,0.6384787559509277,1.1115975379943848,1.7769379615783691,0.5523806,5.5595026,2.4900584,1.3856556415557861,2.1926896572113037,3.568881869316101,1.3426348
tss,42,0.04306507,8.44497,2.1601324,0.8480165004730225,1.6612499952316284,3.2569271326065063,0.023246765,6.382716,1.5903622,0.5977221727371216,1.0073838233947754,2.382007122039795,0.23476245,8.991903,2.9483004,1.668049156665802,2.7880804538726807,3.8149383664131165,1.914162
