min_x,max_x,mean_x,q25_x,q50_x,q75_x,min_y,max_y,mean_y,q25_y,q50_y,q75_y,min_euclidean,max_euclidean,mean_euclidean,q25_euclidean,q50_euclidean,q75_euclidean
0.07756233,8.436731,2.717317,0.9331719875335693,2.4550135135650635,4.139795184135437,0.0009365082,4.9207983,1.5625315,0.6301934719085693,1.3034801483154297,2.149783134460449,0.29136643,8.443423,3.4439142,1.83967325091362,3.042896866798401,4.774192929267883
