min_x,max_x,mean_x,q25_x,q50_x,q75_x,min_y,max_y,mean_y,q25_y,q50_y,q75_y,min_euclidean,max_euclidean,mean_euclidean,q25_euclidean,q50_euclidean,q75_euclidean
0.11820412,8.686934,2.636105,0.9947257041931152,1.7751421928405762,3.719335436820984,0.012504578,5.914593,1.8969953,0.750015377998352,1.8189406394958496,2.993615984916687,0.5140656,8.719334,3.6257792,2.346617341041565,3.4281104803085327,4.832419753074646
