min_x,max_x,mean_x,q25_x,q50_x,q75_x,min_y,max_y,mean_y,q25_y,q50_y,q75_y,min_euclidean,max_euclidean,mean_euclidean,q25_euclidean,q50_euclidean,q75_euclidean
0.06759453,9.474854,2.2481737,0.9472949504852295,1.8116605877876282,2.9307961463928223,0.03801155,4.111292,1.5220093,0.8257519006729126,1.2482831478118896,2.214189052581787,0.23392959,9.789989,2.9449496,1.8657765984535217,2.8389272689819336,3.649837911128998
