min_x,max_x,mean_x,q25_x,q50_x,q75_x,min_y,max_y,mean_y,q25_y,q50_y,q75_y,min_euclidean,max_euclidean,mean_euclidean,q25_euclidean,q50_euclidean,q75_euclidean
0.016327858,8.92513,2.5421495,1.1273112893104553,2.2277495861053467,3.7440587878227234,0.027867317,6.1210065,2.0537124,1.0542292594909668,1.9658403396606445,2.5503764152526855,0.44082773,9.12101,3.5851607,2.2694981694221497,3.55697500705719,4.726496696472168
