min_x,max_x,mean_x,q25_x,q50_x,q75_x,min_y,max_y,mean_y,q25_y,q50_y,q75_y,min_euclidean,max_euclidean,mean_euclidean,q25_euclidean,q50_euclidean,q75_euclidean
0.041049004,7.9918976,2.3052206,1.019416332244873,1.7266550064086914,3.1792343854904175,0.012555122,5.9778233,1.5915098,0.6788760423660278,1.3023765087127686,2.4438282251358032,0.1807298,8.218092,3.0560586,1.7698774933815002,2.97478985786438,4.095825791358948
