min_x,max_x,mean_x,q25_x,q50_x,q75_x,min_y,max_y,mean_y,q25_y,q50_y,q75_y,min_euclidean,max_euclidean,mean_euclidean,q25_euclidean,q50_euclidean,q75_euclidean
0.04984474,8.464404,2.6057072,1.314459204673767,2.1933881044387817,3.6814539432525635,0.001420021,6.881095,1.9120762,0.8741178512573242,1.7241544723510742,2.4083051681518555,0.35120532,9.916805,3.5363374,2.1598305702209473,3.2786824703216553,4.535495042800903
