min_x,max_x,mean_x,q25_x,q50_x,q75_x,min_y,max_y,mean_y,q25_y,q50_y,q75_y,min_euclidean,max_euclidean,mean_euclidean,q25_euclidean,q50_euclidean,q75_euclidean
0.005674362,8.615689,2.4648318,0.8466023802757263,2.0190253257751465,3.3439730405807495,0.013383865,6.5096884,2.098802,1.1208274364471436,1.771219253540039,2.7293074131011963,0.3997019,8.743903,3.590613,2.258965849876404,2.969057321548462,4.9278072118759155
