batch_size,min_x,max_x,mean_x,q25_x,q50_x,q75_x,min_y,max_y,mean_y,q25_y,q50_y,q75_y,min_euclidean,max_euclidean,mean_euclidean,q25_euclidean,q50_euclidean,q75_euclidean
16,0.07756233,8.436731,2.717317,0.9331719875335693,2.4550135135650635,4.139795184135437,0.0009365082,4.9207983,1.5625315,0.6301934719085693,1.3034801483154297,2.149783134460449,0.29136643,8.443423,3.4439142,1.83967325091362,3.042896866798401,4.774192929267883
32,0.041049004,7.9918976,2.3052206,1.019416332244873,1.7266550064086914,3.1792343854904175,0.012555122,5.9778233,1.5915098,0.6788760423660278,1.3023765087127686,2.4438282251358032,0.1807298,8.218092,3.0560586,1.7698774933815002,2.97478985786438,4.095825791358948
64,0.005674362,8.615689,2.4648318,0.8466023802757263,2.0190253257751465,3.3439730405807495,0.013383865,6.5096884,2.098802,1.1208274364471436,1.771219253540039,2.7293074131011963,0.3997019,8.743903,3.590613,2.258965849876404,2.969057321548462,4.9278072118759155
128,0.016327858,8.92513,2.5421495,1.1273112893104553,2.2277495861053467,3.7440587878227234,0.027867317,6.1210065,2.0537124,1.0542292594909668,1.9658403396606445,2.5503764152526855,0.44082773,9.12101,3.5851607,2.2694981694221497,3.55697500705719,4.726496696472168
256,0.06759453,9.474854,2.2481737,0.9472949504852295,1.8116605877876282,2.9307961463928223,0.03801155,4.111292,1.5220093,0.8257519006729126,1.2482831478118896,2.214189052581787,0.23392959,9.789989,2.9449496,1.8657765984535217,2.8389272689819336,3.649837911128998
512,0.11820412,8.686934,2.636105,0.9947257041931152,1.7751421928405762,3.719335436820984,0.012504578,5.914593,1.8969953,0.750015377998352,1.8189406394958496,2.993615984916687,0.5140656,8.719334,3.6257792,2.346617341041565,3.4281104803085327,4.832419753074646
1024,0.04984474,8.464404,2.6057072,1.314459204673767,2.1933881044387817,3.6814539432525635,0.001420021,6.881095,1.9120762,0.8741178512573242,1.7241544723510742,2.4083051681518555,0.35120532,9.916805,3.5363374,2.1598305702209473,3.2786824703216553,4.535495042800903
