min_x,max_x,mean_x,q25_x,q50_x,q75_x,min_y,max_y,mean_y,q25_y,q50_y,q75_y,min_euclidean,max_euclidean,mean_euclidean,q25_euclidean,q50_euclidean,q75_euclidean
0.10075567602492441,14.447638689281245,3.668878146576926,1.0549577486498165,2.3641523909580036,5.034968376159668,0.17058356236159433,8.223313236371869,3.318262444270417,0.39481146763503183,3.4749724443823116,5.631232236389518,0.25911102621895676,15.744285148047272,5.3984989544735065,2.5787061820011026,4.4271451003281275,7.366842932848307
