min_x,max_x,mean_x,q25_x,q50_x,q75_x,min_y,max_y,mean_y,q25_y,q50_y,q75_y,min_euclidean,max_euclidean,mean_euclidean,q25_euclidean,q50_euclidean,q75_euclidean
0.005856012113255815,4.6918993651782515,1.7706942854335603,0.8573657247426939,1.4425475597381592,2.725401110057845,0.22739108036696543,2.5926354857927514,0.9680110389650499,0.28080232571303476,0.357357339369651,1.6836466199654367,0.5275552315391663,5.189925382002614,2.13668242698799,1.0145651479007438,1.7995962332635833,2.858065556488988
