min_x,max_x,mean_x,q25_x,q50_x,q75_x,min_y,max_y,mean_y,q25_y,q50_y,q75_y,min_euclidean,max_euclidean,mean_euclidean,q25_euclidean,q50_euclidean,q75_euclidean
0.009326869257783699,9.319205461742182,1.8874254103389418,0.5729212218587731,1.3325205230735397,2.7822396832735485,0.13751776646315683,8.125764751569623,2.526149894071964,1.5629424459236887,2.2076114150530053,3.6370048101812618,0.1853397415954713,9.323837844215856,3.478295582143886,1.7543746227078303,2.91140866257722,4.675909396384682
