min_x,max_x,mean_x,q25_x,q50_x,q75_x,min_y,max_y,mean_y,q25_y,q50_y,q75_y,min_euclidean,max_euclidean,mean_euclidean,q25_euclidean,q50_euclidean,q75_euclidean
0.005856012113255815,5.19961037040038,2.091210028530105,1.1078876078100688,1.5904481208330061,2.9400797045292753,0.14301569889723886,8.119726085798138,1.5512908493425426,0.2856872839802467,1.0766961658781762,2.0751420806953282,0.18667050562034615,8.247147496661768,2.9061386452767963,1.4349336822169891,2.423252050619887,4.481703996337405
