min_x,max_x,mean_x,q25_x,q50_x,q75_x,min_y,max_y,mean_y,q25_y,q50_y,q75_y,min_euclidean,max_euclidean,mean_euclidean,q25_euclidean,q50_euclidean,q75_euclidean
0.006915544278783159,7.947163759471674,2.104322383366848,0.768043186074443,1.5505897390859316,2.940552374123964,0.08762438725173105,8.064009571210736,1.9706279181302155,0.3643964094990455,1.7196633226174143,2.3460837337022973,0.1853397415954713,11.242782946078378,3.1354063865262902,1.9010189540844613,2.5744254349268076,4.394187491856351
