windowsettings,min_x,max_x,mean_x,q25_x,q50_x,q75_x,min_y,max_y,mean_y,q25_y,q50_y,q75_y,min_euclidean,max_euclidean,mean_euclidean,q25_euclidean,q50_euclidean,q75_euclidean
1_4_100_median,0.009326869257783699,9.319205461742182,1.8874254103389418,0.5729212218587731,1.3325205230735397,2.7822396832735485,0.13751776646315683,8.125764751569623,2.526149894071964,1.5629424459236887,2.2076114150530053,3.6370048101812618,0.1853397415954713,9.323837844215856,3.478295582143886,1.7543746227078303,2.91140866257722,4.675909396384682
3_4_100_median,0.10075567602492441,14.447638689281245,3.668878146576926,1.0549577486498165,2.3641523909580036,5.034968376159668,0.17058356236159433,8.223313236371869,3.318262444270417,0.39481146763503183,3.4749724443823116,5.631232236389518,0.25911102621895676,15.744285148047272,5.3984989544735065,2.5787061820011026,4.4271451003281275,7.366842932848307
1_12_100_median,0.006915544278783159,7.947163759471674,2.104322383366848,0.768043186074443,1.5505897390859316,2.940552374123964,0.08762438725173105,8.064009571210736,1.9706279181302155,0.3643964094990455,1.7196633226174143,2.3460837337022973,0.1853397415954713,11.242782946078378,3.1354063865262902,1.9010189540844613,2.5744254349268076,4.394187491856351
3_12_100_median,0.005856012113255815,5.19961037040038,2.091210028530105,1.1078876078100688,1.5904481208330061,2.9400797045292753,0.14301569889723886,8.119726085798138,1.5512908493425426,0.2856872839802467,1.0766961658781762,2.0751420806953282,0.18667050562034615,8.247147496661768,2.9061386452767963,1.4349336822169891,2.423252050619887,4.481703996337405
3_12_100_tss,0.005856012113255815,4.6918993651782515,1.7706942854335603,0.8573657247426939,1.4425475597381592,2.725401110057845,0.22739108036696543,2.5926354857927514,0.9680110389650499,0.28080232571303476,0.357357339369651,1.6836466199654367,0.5275552315391663,5.189925382002614,2.13668242698799,1.0145651479007438,1.7995962332635833,2.858065556488988
