min_x,max_x,mean_x,q25_x,q50_x,q75_x,min_y,max_y,mean_y,q25_y,q50_y,q75_y,min_euclidean,max_euclidean,mean_euclidean,q25_euclidean,q50_euclidean,q75_euclidean
0.00643203140036519,9.606424428228502,2.4482969678926167,0.7144779908730214,1.954167426822882,3.4638700330195533,0.13751776646315683,7.577826729934812,2.0179322317977406,0.287692861067649,1.665538490464094,2.3346122237688256,0.30428299750615534,12.157912646071907,3.5501530969967625,1.8904486141058552,2.965783457730809,4.325382598297993
