min_x,max_x,mean_x,q25_x,q50_x,q75_x,min_y,max_y,mean_y,q25_y,q50_y,q75_y,min_euclidean,max_euclidean,mean_euclidean,q25_euclidean,q50_euclidean,q75_euclidean
0.15332222,5.9064703,1.7705027,0.8615207672119141,1.490997314453125,2.286630630493164,0.0042676926,4.106988,0.9625214,0.32409191131591797,0.6204490661621094,1.4288854598999023,0.30007368,6.0083704,2.1760046,1.3476649522781372,1.809859275817871,2.512897491455078
