min_x,max_x,mean_x,q25_x,q50_x,q75_x,min_y,max_y,mean_y,q25_y,q50_y,q75_y,min_euclidean,max_euclidean,mean_euclidean,q25_euclidean,q50_euclidean,q75_euclidean
0.15332413,5.9064703,1.7705026,0.8615207672119141,1.4909958839416504,2.286630630493164,0.0042676926,4.106988,0.96252126,0.32409191131591797,0.6204490661621094,1.4288873672485352,0.30007362,6.00837,2.1760044,1.3476642370224,1.8098598718643188,2.5129005908966064
