min_x,max_x,mean_x,q25_x,q50_x,q75_x,min_y,max_y,mean_y,q25_y,q50_y,q75_y,min_euclidean,max_euclidean,mean_euclidean,q25_euclidean,q50_euclidean,q75_euclidean
0.02388668,6.6250505,2.6984797,1.4945311546325684,2.5219478607177734,3.9425458908081055,0.27624607,5.642894,1.95264,1.006791591644287,1.7376184463500977,2.5152883529663086,0.95881134,6.974468,3.5924988,1.9589014053344727,3.514610528945923,4.650607585906982
