min_x,max_x,mean_x,q25_x,q50_x,q75_x,min_y,max_y,mean_y,q25_y,q50_y,q75_y,min_euclidean,max_euclidean,mean_euclidean,q25_euclidean,q50_euclidean,q75_euclidean
0.48804474,4.491645,1.8293408,1.099822759628296,1.353363275527954,2.5103933811187744,0.08810711,4.0330677,1.6633134,0.8926113843917847,1.6683471202850342,2.1903170347213745,1.1069721,4.873413,2.6550083,1.966894805431366,2.4547072649002075,3.130133628845215
