min_x,max_x,mean_x,q25_x,q50_x,q75_x,min_y,max_y,mean_y,q25_y,q50_y,q75_y,min_euclidean,max_euclidean,mean_euclidean,q25_euclidean,q50_euclidean,q75_euclidean
0.021007538,11.084166,3.6292024,1.440770149230957,3.128843069076538,5.057286262512207,0.07626438,7.486369,1.5252403,0.6042418479919434,1.2165954113006592,1.8730602264404297,0.5739049,11.187829,4.2493544,2.555728793144226,3.6323152780532837,5.724956393241882
