min_x,max_x,mean_x,q25_x,q50_x,q75_x,min_y,max_y,mean_y,q25_y,q50_y,q75_y,min_euclidean,max_euclidean,mean_euclidean,q25_euclidean,q50_euclidean,q75_euclidean
0.035341263,6.671615,2.1373594,0.5456044673919678,1.768773078918457,3.1839873790740967,0.087384224,4.262396,1.7411153,0.9009460210800171,1.3445219993591309,2.7926840782165527,0.49739662,7.354544,3.0246918,1.677049607038498,2.911178231239319,3.9767004251480103
