min_x,max_x,mean_x,q25_x,q50_x,q75_x,min_y,max_y,mean_y,q25_y,q50_y,q75_y,min_euclidean,max_euclidean,mean_euclidean,q25_euclidean,q50_euclidean,q75_euclidean
0.16025162,5.6060066,1.6799272,0.903289794921875,1.3555747866630554,2.1994736194610596,0.19485569,2.6119566,1.2482041,0.8649035692214966,1.2030701637268066,1.6299500465393066,0.32543316,5.7315702,2.221816,1.4804520905017853,2.055662512779236,2.989325225353241
