windowsettings,min_x,max_x,mean_x,q25_x,q50_x,q75_x,min_y,max_y,mean_y,q25_y,q50_y,q75_y,min_euclidean,max_euclidean,mean_euclidean,q25_euclidean,q50_euclidean,q75_euclidean
1_4_100_median,0.035341263,6.671615,2.1373594,0.5456044673919678,1.768773078918457,3.1839873790740967,0.087384224,4.262396,1.7411153,0.9009460210800171,1.3445219993591309,2.7926840782165527,0.49739662,7.354544,3.0246918,1.677049607038498,2.911178231239319,3.9767004251480103
3_4_100_median,0.021007538,11.084166,3.6292024,1.440770149230957,3.128843069076538,5.057286262512207,0.07626438,7.486369,1.5252403,0.6042418479919434,1.2165954113006592,1.8730602264404297,0.5739049,11.187829,4.2493544,2.555728793144226,3.6323152780532837,5.724956393241882
1_12_100_median,0.05479145,8.288408,1.8193573,0.5980870723724365,1.3250340819358826,2.538039207458496,0.0030622482,5.636073,1.9767863,0.7958561182022095,1.808135747909546,2.8227875232696533,0.26402596,8.594885,2.9839578,1.8009976148605347,2.8466594219207764,3.977379858493805
3_12_100_median,0.48804474,4.491645,1.8293408,1.099822759628296,1.353363275527954,2.5103933811187744,0.08810711,4.0330677,1.6633134,0.8926113843917847,1.6683471202850342,2.1903170347213745,1.1069721,4.873413,2.6550083,1.966894805431366,2.4547072649002075,3.130133628845215
3_12_100_tss,0.16025162,5.6060066,1.6799272,0.903289794921875,1.3555747866630554,2.1994736194610596,0.19485569,2.6119566,1.2482041,0.8649035692214966,1.2030701637268066,1.6299500465393066,0.32543316,5.7315702,2.221816,1.4804520905017853,2.055662512779236,2.989325225353241
