min_x,max_x,mean_x,q25_x,q50_x,q75_x,min_y,max_y,mean_y,q25_y,q50_y,q75_y,min_euclidean,max_euclidean,mean_euclidean,q25_euclidean,q50_euclidean,q75_euclidean
0.05479145,8.288408,1.8193573,0.5980870723724365,1.3250340819358826,2.538039207458496,0.0030622482,5.636073,1.9767863,0.7958561182022095,1.808135747909546,2.8227875232696533,0.26402596,8.594885,2.9839578,1.8009976148605347,2.8466594219207764,3.977379858493805
