min_x,max_x,mean_x,q25_x,q50_x,q75_x,min_y,max_y,mean_y,q25_y,q50_y,q75_y,min_euclidean,max_euclidean,mean_euclidean,q25_euclidean,q50_euclidean,q75_euclidean
0.8443827809252955,10.689956213099121,4.271844051558906,1.8276281701325077,3.52519934083911,6.294048607589478,0.0247946963242196,1.9326239494267572,0.5424408100851759,0.206368106663819,0.40561497647802724,0.7411885208961175,1.0822057726767214,10.700974037586711,4.354695557883928,1.935436010753942,3.5487814205281434,6.369348758292476
