min_x,max_x,mean_x,q25_x,q50_x,q75_x,min_y,max_y,mean_y,q25_y,q50_y,q75_y,min_euclidean,max_euclidean,mean_euclidean,q25_euclidean,q50_euclidean,q75_euclidean
0.17029424724951348,10.946458814580566,4.298891880756647,2.125861147001038,4.392185990305175,5.710559243908204,0.00015003573095739853,2.184108491371582,0.5395917275500958,0.2176669629936523,0.4249447847045902,0.7609664352374272,0.31526364297764553,10.948608206154685,4.385413644940567,2.146590360963681,4.437230741611011,5.768992645159412
