min_x,max_x,mean_x,q25_x,q50_x,q75_x,min_y,max_y,mean_y,q25_y,q50_y,q75_y,min_euclidean,max_euclidean,mean_euclidean,q25_euclidean,q50_euclidean,q75_euclidean
0.05454966802148409,7.181240496528565,2.691730944708554,1.1519833809024655,2.442529694050414,3.7555783109431156,0.02868729617919996,5.01082069365088,1.7594058199306395,0.7739424840092779,1.5206192394306646,2.5168962687210077,0.6392930294506156,7.6430662257092346,3.467841873356123,1.8114555307949167,3.4410530795180607,4.945003622889564
