test_value,test_samples_amount,min_x,max_x,mean_x,q25_x,q50_x,q75_x,min_y,max_y,mean_y,q25_y,q50_y,q75_y,min_euclidean,max_euclidean,mean_euclidean,q25_euclidean,q50_euclidean,q75_euclidean
1,64,0.052515984,7.3221817,2.5455098,1.1019036769866943,2.0481553077697754,3.569118618965149,0.24374485,4.9967012,1.7641193,0.7741320133209229,1.5905654430389404,2.2578463554382324,0.49070132,7.348736,3.4077992,1.9351705014705658,3.0853004455566406,4.810429930686951
2,64,0.2926054,10.312373,2.7909532,1.8717842102050781,2.3714247941970825,3.609755039215088,0.030073166,5.0637083,1.7339559,0.7090311050415039,1.3912196159362793,2.493450403213501,0.6540022,10.400729,3.5671084,2.408661425113678,3.163168787956238,4.305921792984009
3,54,0.3954811,10.19321,4.028213,2.190572500228882,3.8706018924713135,5.678872108459473,0.009766579,5.528153,1.3193038,0.35802698135375977,0.8388562202453613,1.6890990734100342,0.93966347,10.218357,4.511165,2.862515449523926,4.545258522033691,6.159615635871887
4,37,0.07833576,9.082578,3.8834233,1.872234582901001,3.2235145568847656,6.064806938171387,0.056467056,2.8837018,1.0653923,0.6126976013183594,1.0509862899780273,1.4107351303100586,0.7670477,9.082753,4.165296,2.2782273292541504,3.420166254043579,6.128866195678711
5,27,0.17741013,10.8325815,4.1435,1.631476640701294,4.4922356605529785,5.400710582733154,0.0068101883,2.5676994,0.7448291,0.34032726287841797,0.608797550201416,0.9461750984191895,0.36375988,10.832667,4.2969446,2.0376402139663696,4.520252704620361,5.418277263641357
6,1,1.9619741,1.9619741,1.9619741,1.9619741439819336,1.9619741439819336,1.9619741439819336,5.510298,5.510298,5.510298,5.510297775268555,5.510297775268555,5.510297775268555,5.8491645,5.8491645,5.8491645,5.8491644859313965,5.8491644859313965,5.8491644859313965
