dataset,min_x,max_x,mean_x,q25_x,q50_x,q75_x,min_y,max_y,mean_y,q25_y,q50_y,q75_y,min_euclidean,max_euclidean,mean_euclidean,q25_euclidean,q50_euclidean,q75_euclidean,loss_mse,loss_d1,loss_d2,accuracy_d1,accuracy_d2
minsensors_10,0.020748199222784258,8.201538182500963,1.7861461541967487,0.6559152448115455,1.3474593722870924,2.4314694964936354,0.13751776646315683,7.5012028133088355,1.644539278522341,0.2931259436482154,1.6974818116921213,2.294402453566189,0.28842083227908216,11.114552271927717,2.673445250433237,1.5679525394406661,2.4256318862165718,3.4198261785918533,6.372032642364502,0.7120714783668518,7.787023544311523,0.7719298005104065,0.22807016968727112
minsensors_12,0.06653704047484332,9.606424428228502,2.429764335867692,1.2405012238042545,2.420741573578348,3.0872252115601633,0.08772643040358652,3.531712728348376,1.2784270049078392,0.2869280142658912,1.6137568361061838,1.8068336850899485,0.17697415440470307,10.235056672576036,2.871927857126115,1.535342690910949,2.8699315365511646,3.6576359686694158,19.187156677246094,0.8478575348854065,23.771982192993164,0.7142857313156128,0.1666666716337204
