dataset,min_x,max_x,mean_x,q25_x,q50_x,q75_x,min_y,max_y,mean_y,q25_y,q50_y,q75_y,min_euclidean,max_euclidean,mean_euclidean,q25_euclidean,q50_euclidean,q75_euclidean
minsensors_10,0.020748199222784258,14.580748735667964,7.482634112208667,2.8337103712575624,7.640457330943842,11.816511331798335,7.271544686477781,7.711420289199949,7.537930082799395,7.479889146011472,7.548942795913816,7.593828431289793,7.592279903109031,16.389806016550356,11.220296937445568,8.08164923149367,10.775486839370116,13.974789263317032
minsensors_12,0.10864553571141222,7.680321269031401,3.0486812852396423,1.5050902163988016,2.9436324000414844,4.300826240183892,0.22330363224684824,8.212872409955853,5.047382335302883,0.3979845805042945,7.543979874771238,8.069232845441693,0.36881696366737743,11.244492341486572,6.31522741473327,3.1432770480142995,8.061221653830723,8.84678170930871
