windowsettings,min_x,max_x,mean_x,q25_x,q50_x,q75_x,min_y,max_y,mean_y,q25_y,q50_y,q75_y,min_euclidean,max_euclidean,mean_euclidean,q25_euclidean,q50_euclidean,q75_euclidean
1_4_100_median,0.00084877014,7.346975,1.4737866,0.4826211929321289,1.1123263835906982,1.7746992111206055,0.039040565,4.918418,1.7201157,0.5304313898086548,1.3842194080352783,2.468512773513794,0.25826877,8.062199,2.4737835,1.1265786290168762,2.1805880069732666,3.4594067335128784
3_4_100_median,0.42179108,9.376949,2.571717,1.0569918751716614,1.98451566696167,3.571823239326477,0.008594513,5.80091,1.9918953,0.9265040159225464,1.7663195133209229,2.856189012527466,0.5656612,11.02623,3.584317,2.0807891488075256,3.1190847158432007,4.932427883148193
1_12_100_median,0.018310547,8.927343,1.5472888,0.6061291694641113,1.1462894678115845,1.749401181936264,0.026586533,7.073265,1.6138468,0.5395815372467041,1.4261174201965332,2.29598867893219,0.27777356,9.119227,2.494369,1.3979502618312836,2.227972984313965,3.0050987005233765
3_12_100_median,0.018092632,2.8014622,0.9272983,0.3580751419067383,0.6790075302124023,1.2269165515899658,0.17192078,2.4345274,0.74770474,0.3246614933013916,0.5180916786193848,0.9229367971420288,0.33826557,2.825048,1.3457494,0.8282029926776886,1.1913948059082031,1.5756081640720367
3_12_100_tss,0.02477777,3.6503372,1.3651313,0.6323290467262268,1.0363407135009766,1.7909703254699707,0.040348053,1.7849994,0.73051214,0.20916008949279785,0.5706863403320312,1.271378517150879,0.27014545,3.652534,1.7184747,1.0846885740756989,1.666450321674347,2.1118817925453186
