min_x,max_x,mean_x,q25_x,q50_x,q75_x,min_y,max_y,mean_y,q25_y,q50_y,q75_y,min_euclidean,max_euclidean,mean_euclidean,q25_euclidean,q50_euclidean,q75_euclidean
0.08226204,3.0446625,1.3910071,0.6806424856185913,1.1253457069396973,2.0665376782417297,0.076584816,3.776115,1.0328126,0.5354058742523193,0.8198440074920654,1.191591739654541,0.783607,3.9294934,1.9652778,1.2580043375492096,1.7332067489624023,2.7564992904663086
