min_x,max_x,mean_x,q25_x,q50_x,q75_x,min_y,max_y,mean_y,q25_y,q50_y,q75_y,min_euclidean,max_euclidean,mean_euclidean,q25_euclidean,q50_euclidean,q75_euclidean
0.019876003,5.034259,1.9148293,0.7292234897613525,1.5661312341690063,2.9518796801567078,0.074819565,2.1962643,1.0958074,0.49918699264526367,0.9635326862335205,1.6608542203903198,0.32817334,5.226714,2.4106016,1.6610577702522278,2.3098756074905396,2.9864877462387085
