windowsettings,min_x,max_x,mean_x,q25_x,q50_x,q75_x,min_y,max_y,mean_y,q25_y,q50_y,q75_y,min_euclidean,max_euclidean,mean_euclidean,q25_euclidean,q50_euclidean,q75_euclidean
1_4_100_median,0.055394173,7.3703146,1.5699825,0.575477123260498,1.1900980472564697,1.9993178844451904,0.06038189,6.3995495,1.7437536,0.6483296155929565,1.2181956768035889,2.7758522033691406,0.3484431,8.07748,2.6154945,1.2662679851055145,2.1055407524108887,3.468823730945587
3_4_100_median,0.010847092,9.02046,2.3278022,0.49095477163791656,1.489274501800537,3.2163941860198975,0.029215813,5.483944,1.9668393,0.8274258375167847,1.7957525253295898,2.769147038459778,0.35792416,9.396331,3.4347882,1.7416857481002808,2.9316461086273193,4.661779046058655
1_12_100_median,0.10012531,8.283501,1.5618147,0.5273678302764893,0.9389505386352539,1.9655992984771729,0.06994915,7.1888094,1.5446337,0.501204252243042,0.8555045127868652,2.0885125398635864,0.17367353,10.571039,2.4512491,1.074728399515152,1.8556342124938965,3.1401073336601257
3_12_100_median,0.08226204,3.0446625,1.3910071,0.6806424856185913,1.1253457069396973,2.0665376782417297,0.076584816,3.776115,1.0328126,0.5354058742523193,0.8198440074920654,1.191591739654541,0.783607,3.9294934,1.9652778,1.2580043375492096,1.7332067489624023,2.7564992904663086
3_12_100_tss,0.17670801,3.547638,1.3375026,0.6001418828964233,1.0205605030059814,1.9546863436698914,0.1014061,1.7987967,0.8872295,0.30499839782714844,0.8245358467102051,1.3800318241119385,0.2928865,3.647739,1.7234036,1.0498371720314026,1.486997902393341,2.0680673718452454
