min_x,max_x,mean_x,q25_x,q50_x,q75_x,min_y,max_y,mean_y,q25_y,q50_y,q75_y,min_euclidean,max_euclidean,mean_euclidean,q25_euclidean,q50_euclidean,q75_euclidean
0.055394173,7.3703146,1.5699825,0.575477123260498,1.1900980472564697,1.9993178844451904,0.06038189,6.3995495,1.7437536,0.6483296155929565,1.2181956768035889,2.7758522033691406,0.3484431,8.07748,2.6154945,1.2662679851055145,2.1055407524108887,3.468823730945587
