min_x,max_x,mean_x,q25_x,q50_x,q75_x,min_y,max_y,mean_y,q25_y,q50_y,q75_y,min_euclidean,max_euclidean,mean_euclidean,q25_euclidean,q50_euclidean,q75_euclidean
0.013263702,6.529716,1.5821087,0.6964771747589111,1.3074421882629395,2.2187259793281555,0.0014686584,4.750126,1.6746476,0.6129497289657593,1.4627487659454346,2.6331820487976074,0.16856979,7.3617334,2.5188942,1.4875743091106415,2.189035415649414,3.584326922893524
