min_x,max_x,mean_x,q25_x,q50_x,q75_x,min_y,max_y,mean_y,q25_y,q50_y,q75_y,min_euclidean,max_euclidean,mean_euclidean,q25_euclidean,q50_euclidean,q75_euclidean
0.018310547,8.927343,1.5472888,0.6061291694641113,1.1462894678115845,1.749401181936264,0.026586533,7.073265,1.6138468,0.5395815372467041,1.4261174201965332,2.29598867893219,0.27777356,9.119227,2.494369,1.3979502618312836,2.227972984313965,3.0050987005233765
