windowsettings,min_x,max_x,mean_x,q25_x,q50_x,q75_x,min_y,max_y,mean_y,q25_y,q50_y,q75_y,min_euclidean,max_euclidean,mean_euclidean,q25_euclidean,q50_euclidean,q75_euclidean
1_4_100_median,0.013263702,6.529716,1.5821087,0.6964771747589111,1.3074421882629395,2.2187259793281555,0.0014686584,4.750126,1.6746476,0.6129497289657593,1.4627487659454346,2.6331820487976074,0.16856979,7.3617334,2.5188942,1.4875743091106415,2.189035415649414,3.584326922893524
3_4_100_median,0.0739975,9.082375,2.5244749,0.8848345279693604,2.180117607116699,3.6235408782958984,0.005637169,5.8081446,1.8900254,0.6707625389099121,1.4216606616973877,2.784172773361206,0.67143625,9.156202,3.5711296,2.257662534713745,3.3078049421310425,4.805466890335083
1_12_100_median,0.008601844,9.796354,1.4525139,0.5429922938346863,0.9108370542526245,1.715505838394165,0.010871887,6.4127216,1.4253402,0.3938807249069214,0.9396669864654541,2.031176209449768,0.18939318,10.820754,2.275277,1.070924460887909,1.7837607264518738,2.7513225078582764
3_12_100_median,0.019876003,5.034259,1.9148293,0.7292234897613525,1.5661312341690063,2.9518796801567078,0.074819565,2.1962643,1.0958074,0.49918699264526367,0.9635326862335205,1.6608542203903198,0.32817334,5.226714,2.4106016,1.6610577702522278,2.3098756074905396,2.9864877462387085
3_12_100_tss,0.1811285,3.831688,1.2725166,0.6047730445861816,0.9377593994140625,1.7016260027885437,0.11684227,2.1132689,0.80435157,0.49910402297973633,0.714005708694458,0.947698712348938,0.23231488,3.9531164,1.6172794,0.889220729470253,1.5870437026023865,1.9354198276996613
