min_x,max_x,mean_x,q25_x,q50_x,q75_x,min_y,max_y,mean_y,q25_y,q50_y,q75_y,min_euclidean,max_euclidean,mean_euclidean,q25_euclidean,q50_euclidean,q75_euclidean
0.018092632,2.8014622,0.9272983,0.3580751419067383,0.6790075302124023,1.2269165515899658,0.17192078,2.4345274,0.74770474,0.3246614933013916,0.5180916786193848,0.9229367971420288,0.33826557,2.825048,1.3457494,0.8282029926776886,1.1913948059082031,1.5756081640720367
