min_x,max_x,mean_x,q25_x,q50_x,q75_x,min_y,max_y,mean_y,q25_y,q50_y,q75_y,min_euclidean,max_euclidean,mean_euclidean,q25_euclidean,q50_euclidean,q75_euclidean
0.10012531,8.283501,1.5618147,0.5273678302764893,0.9389505386352539,1.9655992984771729,0.06994915,7.1888094,1.5446337,0.501204252243042,0.8555045127868652,2.0885125398635864,0.17367353,10.571039,2.4512491,1.074728399515152,1.8556342124938965,3.1401073336601257
