min_x,max_x,mean_x,q25_x,q50_x,q75_x,min_y,max_y,mean_y,q25_y,q50_y,q75_y,min_euclidean,max_euclidean,mean_euclidean,q25_euclidean,q50_euclidean,q75_euclidean
0.008601844,9.796354,1.4525139,0.5429922938346863,0.9108370542526245,1.715505838394165,0.010871887,6.4127216,1.4253402,0.3938807249069214,0.9396669864654541,2.031176209449768,0.18939318,10.820754,2.275277,1.070924460887909,1.7837607264518738,2.7513225078582764
