min_x,max_x,mean_x,q25_x,q50_x,q75_x,min_y,max_y,mean_y,q25_y,q50_y,q75_y,min_euclidean,max_euclidean,mean_euclidean,q25_euclidean,q50_euclidean,q75_euclidean
0.00084877014,7.346975,1.4737866,0.4826211929321289,1.1123263835906982,1.7746992111206055,0.039040565,4.918418,1.7201157,0.5304313898086548,1.3842194080352783,2.468512773513794,0.25826877,8.062199,2.4737835,1.1265786290168762,2.1805880069732666,3.4594067335128784
