min_x,max_x,mean_x,q25_x,q50_x,q75_x,min_y,max_y,mean_y,q25_y,q50_y,q75_y,min_euclidean,max_euclidean,mean_euclidean,q25_euclidean,q50_euclidean,q75_euclidean
0.42179108,9.376949,2.571717,1.0569918751716614,1.98451566696167,3.571823239326477,0.008594513,5.80091,1.9918953,0.9265040159225464,1.7663195133209229,2.856189012527466,0.5656612,11.02623,3.584317,2.0807891488075256,3.1190847158432007,4.932427883148193
