min_x,max_x,mean_x,q25_x,q50_x,q75_x,min_y,max_y,mean_y,q25_y,q50_y,q75_y,min_euclidean,max_euclidean,mean_euclidean,q25_euclidean,q50_euclidean,q75_euclidean
0.0739975,9.082375,2.5244749,0.8848345279693604,2.180117607116699,3.6235408782958984,0.005637169,5.8081446,1.8900254,0.6707625389099121,1.4216606616973877,2.784172773361206,0.67143625,9.156202,3.5711296,2.257662534713745,3.3078049421310425,4.805466890335083
