min_x,max_x,mean_x,q25_x,q50_x,q75_x,min_y,max_y,mean_y,q25_y,q50_y,q75_y,min_euclidean,max_euclidean,mean_euclidean,q25_euclidean,q50_euclidean,q75_euclidean
0.1811285,3.831688,1.2725166,0.6047730445861816,0.9377593994140625,1.7016260027885437,0.11684227,2.1132689,0.80435157,0.49910402297973633,0.714005708694458,0.947698712348938,0.23231488,3.9531164,1.6172794,0.889220729470253,1.5870437026023865,1.9354198276996613
