min_x,max_x,mean_x,q25_x,q50_x,q75_x,min_y,max_y,mean_y,q25_y,q50_y,q75_y,min_euclidean,max_euclidean,mean_euclidean,q25_euclidean,q50_euclidean,q75_euclidean
0.010847092,9.02046,2.3278022,0.49095477163791656,1.489274501800537,3.2163941860198975,0.029215813,5.483944,1.9668393,0.8274258375167847,1.7957525253295898,2.769147038459778,0.35792416,9.396331,3.4347882,1.7416857481002808,2.9316461086273193,4.661779046058655
