min_x,max_x,mean_x,q25_x,q50_x,q75_x,min_y,max_y,mean_y,q25_y,q50_y,q75_y,min_euclidean,max_euclidean,mean_euclidean,q25_euclidean,q50_euclidean,q75_euclidean
0.17670801,3.547638,1.3375026,0.6001418828964233,1.0205605030059814,1.9546863436698914,0.1014061,1.7987967,0.8872295,0.30499839782714844,0.8245358467102051,1.3800318241119385,0.2928865,3.647739,1.7234036,1.0498371720314026,1.486997902393341,2.0680673718452454
