min_x,max_x,mean_x,q25_x,q50_x,q75_x,min_y,max_y,mean_y,q25_y,q50_y,q75_y,min_euclidean,max_euclidean,mean_euclidean,q25_euclidean,q50_euclidean,q75_euclidean
0.02477777,3.6503372,1.3651313,0.6323290467262268,1.0363407135009766,1.7909703254699707,0.040348053,1.7849994,0.73051214,0.20916008949279785,0.5706863403320312,1.271378517150879,0.27014545,3.652534,1.7184747,1.0846885740756989,1.666450321674347,2.1118817925453186
