dataset,min_x,max_x,mean_x,q25_x,q50_x,q75_x,min_y,max_y,mean_y,q25_y,q50_y,q75_y,min_euclidean,max_euclidean,mean_euclidean,q25_euclidean,q50_euclidean,q75_euclidean,loss_mse,accuracy
minsensors_10,0.020594597,3.2758274,1.176858,0.488189697265625,1.0016107559204102,1.6240110397338867,0.024151802,6.462612,1.2200867,0.46315860748291016,0.8637185096740723,1.5341949462890625,0.33460617,6.6635404,1.8956532,1.0156766176223755,1.5521045923233032,2.4375669956207275,0.0075234356336295605,0.8947368264198303
minsensors_12,0.054574966,7.8132067,1.6100849,0.7887779474258423,1.2610396146774292,2.156404972076416,0.006123543,4.1004963,1.057564,0.1862938404083252,0.5702338218688965,1.8528804779052734,0.277025,8.2601,2.1136603,0.9279134571552277,1.9828120470046997,2.577741801738739,0.008951876312494278,0.8333333134651184
