min_x,max_x,mean_x,q25_x,q50_x,q75_x,min_y,max_y,mean_y,q25_y,q50_y,q75_y,min_euclidean,max_euclidean,mean_euclidean,q25_euclidean,q50_euclidean,q75_euclidean
0.013464765379130439,7.272124234432878,1.8531191637456785,0.8251235915926103,1.544321288553773,2.1951652133515456,0.9011710250481997,4.668227428655918,1.5259737759915017,1.1308291518792544,1.1963618362054262,1.3270581328973208,1.1569093347366002,8.641535639380388,2.539074810563423,1.4615515942866844,2.0486696252946426,2.850679606476807
