min_x,max_x,mean_x,q25_x,q50_x,q75_x,min_y,max_y,mean_y,q25_y,q50_y,q75_y,min_euclidean,max_euclidean,mean_euclidean,q25_euclidean,q50_euclidean,q75_euclidean
0.06653704047484332,9.606424428228502,2.429764335867692,1.2405012238042545,2.420741573578348,3.0872252115601633,0.08772643040358652,3.531712728348376,1.2784270049078392,0.2869280142658912,1.6137568361061838,1.8068336850899485,0.17697415440470307,10.235056672576036,2.871927857126115,1.535342690910949,2.8699315365511646,3.6576359686694158
