min_x,max_x,mean_x,q25_x,q50_x,q75_x,min_y,max_y,mean_y,q25_y,q50_y,q75_y,min_euclidean,max_euclidean,mean_euclidean,q25_euclidean,q50_euclidean,q75_euclidean
0.10864553571141222,7.680321269031401,3.0486812852396423,1.5050902163988016,2.9436324000414844,4.300826240183892,0.22330363224684824,8.212872409955853,5.047382335302883,0.3979845805042945,7.543979874771238,8.069232845441693,0.36881696366737743,11.244492341486572,6.31522741473327,3.1432770480142995,8.061221653830723,8.84678170930871
