min_x,max_x,mean_x,q25_x,q50_x,q75_x,min_y,max_y,mean_y,q25_y,q50_y,q75_y,min_euclidean,max_euclidean,mean_euclidean,q25_euclidean,q50_euclidean,q75_euclidean
0.06653704047484332,5.747571524386702,2.0003242621267057,0.8547450810656789,1.8866578316722293,2.599244526622429,0.08772643040358652,5.497366641525627,1.40659635743967,0.28940327595412363,1.6701557046669748,2.0944561313697667,0.17697415440470307,6.233638929102511,2.656295246269308,1.8678974563944077,2.437783106847525,3.3330334472257177
