min_x,max_x,mean_x,q25_x,q50_x,q75_x,min_y,max_y,mean_y,q25_y,q50_y,q75_y,min_euclidean,max_euclidean,mean_euclidean,q25_euclidean,q50_euclidean,q75_euclidean
0.06653704047484332,9.606424428228502,2.145736226044416,0.7877457693247316,1.6618052697215457,2.9721474397255605,0.08772643040358652,7.4519426738435035,1.5978560079341257,0.28817017506301035,1.668780506302717,2.251269433165188,0.17697415440470307,12.157912646071907,2.8570083505679245,1.4660305441886683,2.422000409816774,3.367046973735192
