min_x,max_x,mean_x,q25_x,q50_x,q75_x,min_y,max_y,mean_y,q25_y,q50_y,q75_y,min_euclidean,max_euclidean,mean_euclidean,q25_euclidean,q50_euclidean,q75_euclidean
0.061849937,7.944836,1.5666428,0.42035460472106934,1.2228341102600098,1.9505099654197693,0.0050258636,7.543709,1.5753587,0.5811530351638794,1.103607416152954,2.3466638326644897,0.15830056,9.172122,2.5494473,1.415909469127655,2.1760306358337402,3.1816545724868774
