min_x,max_x,mean_x,q25_x,q50_x,q75_x,min_y,max_y,mean_y,q25_y,q50_y,q75_y,min_euclidean,max_euclidean,mean_euclidean,q25_euclidean,q50_euclidean,q75_euclidean
0.0015945435,8.658067,1.4184705,0.2956717014312744,0.9197255373001099,2.186740219593048,0.0052375793,7.37137,1.9290211,0.7270371913909912,1.4312338829040527,2.7367451190948486,0.18836956,9.434657,2.6731815,1.2645228207111359,2.3197182416915894,3.6224316358566284
