min_x,max_x,mean_x,q25_x,q50_x,q75_x,min_y,max_y,mean_y,q25_y,q50_y,q75_y,min_euclidean,max_euclidean,mean_euclidean,q25_euclidean,q50_euclidean,q75_euclidean
0.28530002,3.4727383,1.2543826,0.7447328567504883,1.0734267234802246,1.5651395320892334,0.027499199,1.9601231,0.87273484,0.38671016693115234,0.5689177513122559,1.5320656299591064,0.6166753,3.4739847,1.6641508,1.1349042057991028,1.7092226147651672,2.138496696949005
