min_x,max_x,mean_x,q25_x,q50_x,q75_x,min_y,max_y,mean_y,q25_y,q50_y,q75_y,min_euclidean,max_euclidean,mean_euclidean,q25_euclidean,q50_euclidean,q75_euclidean
0.026798725,4.634451,1.376908,0.601524293422699,1.0992369651794434,1.8042776584625244,0.038993835,2.4928994,1.0625659,0.46025657653808594,1.0795183181762695,1.5880464315414429,0.047314804,4.9772334,1.872736,1.2270087599754333,1.7931209206581116,2.329779326915741
