min_x,max_x,mean_x,q25_x,q50_x,q75_x,min_y,max_y,mean_y,q25_y,q50_y,q75_y,min_euclidean,max_euclidean,mean_euclidean,q25_euclidean,q50_euclidean,q75_euclidean
0.106310844,11.041447,2.5684037,0.8840011358261108,2.5798075199127197,3.9715564250946045,0.0010280609,4.7417545,1.6965878,0.6720311641693115,1.6175127029418945,2.501145839691162,0.31466806,11.055601,3.4191337,2.0444053411483765,3.320327401161194,4.6043829917907715
