dataset,min_x,max_x,mean_x,q25_x,q50_x,q75_x,min_y,max_y,mean_y,q25_y,q50_y,q75_y,min_euclidean,max_euclidean,mean_euclidean,q25_euclidean,q50_euclidean,q75_euclidean
minsensors_10,0.017490387,7.6238394,1.4371411,0.4973635673522949,0.9957618713378906,1.737274169921875,0.0047216415,7.125166,1.5106506,0.3297710418701172,1.1380062103271484,2.183513641357422,0.074632645,10.435081,2.3198862,1.2394187450408936,2.203056573867798,2.8616886138916016
minsensors_12,0.011492252,7.0286894,1.6051881,0.6944770812988281,1.2058005332946777,2.2915027141571045,0.002796173,2.843058,1.039289,0.2539684772491455,0.764427661895752,1.7777082920074463,0.23050624,7.187572,2.0766275,1.0047097206115723,2.0343738794326782,2.963086724281311
