min_x,max_x,mean_x,q25_x,q50_x,q75_x,min_y,max_y,mean_y,q25_y,q50_y,q75_y,min_euclidean,max_euclidean,mean_euclidean,q25_euclidean,q50_euclidean,q75_euclidean
0.1564217776832031,6.511365165201722,2.2970431687816975,1.2287672701452688,1.9713815881517531,3.3146293974770606,0.9012625777825747,4.011395058876576,1.410927833564549,1.1763504111871157,1.1994603240594301,1.238682326088849,1.1386840255830923,6.625554162411524,2.8821685268232313,1.6835094801863435,2.5684444401938245,3.970050615197291
