min_x,max_x,mean_x,q25_x,q50_x,q75_x,min_y,max_y,mean_y,q25_y,q50_y,q75_y,min_euclidean,max_euclidean,mean_euclidean,q25_euclidean,q50_euclidean,q75_euclidean
0.014794306585490302,9.914795951673685,2.196502403521259,0.9010853437000521,1.641786783599552,2.769893116272686,0.8361256682977114,7.6263299186000175,2.332310023023842,1.1805568301782046,1.3089602553948794,1.896993367895778,1.138482491280924,10.663324467360741,3.5674654980322775,1.988678534077295,2.6266627143761365,4.560117267962855
