min_x,max_x,mean_x,q25_x,q50_x,q75_x,min_y,max_y,mean_y,q25_y,q50_y,q75_y,min_euclidean,max_euclidean,mean_euclidean,q25_euclidean,q50_euclidean,q75_euclidean
0.15659777658253948,13.501347770182191,3.902682686126459,1.371372539563033,2.2003904811009747,5.948041758956168,0.9973214233025942,7.726942558980877,3.408936252944433,1.1915574634179507,1.807637660727199,6.949522840263546,1.1961029822539126,15.196542528459913,5.469066554355274,2.0257671681575515,3.7704304727953613,8.116362727580844
