min_x,max_x,mean_x,q25_x,q50_x,q75_x,min_y,max_y,mean_y,q25_y,q50_y,q75_y,min_euclidean,max_euclidean,mean_euclidean,q25_euclidean,q50_euclidean,q75_euclidean
0.15532128351002972,12.069984876929823,2.9273389211856213,1.1158436470375952,1.6867790222167969,3.5480463095138997,0.9768441283807192,7.634766121602947,2.5080334075177557,1.1730559432610903,1.330157574425641,2.54094302379146,1.1568870294163633,13.416057823797573,4.241727680585787,1.7779342691981288,3.3075015598453668,7.08679923145801
