min_x,max_x,mean_x,q25_x,q50_x,q75_x,min_y,max_y,mean_y,q25_y,q50_y,q75_y,min_euclidean,max_euclidean,mean_euclidean,q25_euclidean,q50_euclidean,q75_euclidean
0.1564217776832031,5.146261595831809,1.9388571673454504,1.1226174680708325,1.352523780716958,3.0507071269355746,0.8375657165154848,1.327070530663434,1.151247424957325,1.105148848305646,1.1841223800286684,1.221530970345441,1.1386840255830923,5.287004064493655,2.374232546481252,1.5941118770133695,1.8161072484341365,3.2728896849545395
