windowsettings,min_x,max_x,mean_x,q25_x,q50_x,q75_x,min_y,max_y,mean_y,q25_y,q50_y,q75_y,min_euclidean,max_euclidean,mean_euclidean,q25_euclidean,q50_euclidean,q75_euclidean
1_4_100_median,0.15532128351002972,12.069984876929823,2.9273389211856213,1.1158436470375952,1.6867790222167969,3.5480463095138997,0.9768441283807192,7.634766121602947,2.5080334075177557,1.1730559432610903,1.330157574425641,2.54094302379146,1.1568870294163633,13.416057823797573,4.241727680585787,1.7779342691981288,3.3075015598453668,7.08679923145801
3_4_100_median,0.15659777658253948,13.501347770182191,3.902682686126459,1.371372539563033,2.2003904811009747,5.948041758956168,0.9973214233025942,7.726942558980877,3.408936252944433,1.1915574634179507,1.807637660727199,6.949522840263546,1.1961029822539126,15.196542528459913,5.469066554355274,2.0257671681575515,3.7704304727953613,8.116362727580844
1_12_100_median,0.014794306585490302,9.914795951673685,2.196502403521259,0.9010853437000521,1.641786783599552,2.769893116272686,0.8361256682977114,7.6263299186000175,2.332310023023842,1.1805568301782046,1.3089602553948794,1.896993367895778,1.138482491280924,10.663324467360741,3.5674654980322775,1.988678534077295,2.6266627143761365,4.560117267962855
3_12_100_median,0.1564217776832031,6.511365165201722,2.2970431687816975,1.2287672701452688,1.9713815881517531,3.3146293974770606,0.9012625777825747,4.011395058876576,1.410927833564549,1.1763504111871157,1.1994603240594301,1.238682326088849,1.1386840255830923,6.625554162411524,2.8821685268232313,1.6835094801863435,2.5684444401938245,3.970050615197291
3_12_100_tss,0.1564217776832031,5.146261595831809,1.9388571673454504,1.1226174680708325,1.352523780716958,3.0507071269355746,0.8375657165154848,1.327070530663434,1.151247424957325,1.105148848305646,1.1841223800286684,1.221530970345441,1.1386840255830923,5.287004064493655,2.374232546481252,1.5941118770133695,1.8161072484341365,3.2728896849545395
