real_x,real_y,predicted_x,predicted_y,deviation_x,deviation_y,eclidean_distance
17.890994382,8.444005618,4.345676553901775,9.568723933950857,13.545317828098224,1.1247183159508563,13.591932399568169
13.961906998,8.328738235,3.484142760249175,10.862932938633277,10.477764237750826,2.5341947036332773,10.779874128106187
13.210382764,8.527058116,13.125902173303734,9.744694822862547,0.08448059069626623,1.2176367068625478,1.2205638533495329
11.968851717,8.578590857,12.735357974123348,9.841354754656349,0.7665062571233481,1.2627638976563489,1.4771948088974245
8.818058715,8.546872758,8.460318568375744,10.27938797338958,0.3577401466242556,1.732515215389581,1.7690638722395384
7.113063001,8.534,11.976640170457546,9.466164293340071,4.863577169457546,0.9321642933400707,4.952101892433845
0.834075426,8.479335197,11.02909524430656,8.963231196366834,10.19501981830656,0.48389599936683503,10.206497167680338
