windowsettings,min_x,max_x,mean_x,q25_x,q50_x,q75_x,min_y,max_y,mean_y,q25_y,q50_y,q75_y,min_euclidean,max_euclidean,mean_euclidean,q25_euclidean,q50_euclidean,q75_euclidean
1_4_100_median,0.019270513413598422,10.064376580126458,3.448948900980268,1.393077396896886,2.640347097795396,5.040883264025522,0.05474726496529492,15.18306099504421,1.445214469778997,0.5512085763041299,1.0501043656130844,1.9288967878595766,0.18512203579299638,18.21584522128553,3.9293536044495507,2.21091896866758,2.9797221512066883,5.372304401602703
3_4_100_median,2.073979806726703,6.891686527612963,3.957517519191826,2.5221102475790564,2.683427324914362,5.616383689126044,0.12013209441250794,0.9323126495885603,0.4365548555996998,0.19277609474173119,0.4599901843019687,0.477563254953731,2.077456126809437,6.907020643123645,4.003734245289013,2.6889118575226916,2.725591471695465,5.619691127293826
1_12_100_median,0.19129025000246358,12.266136499007974,3.5004635336804584,1.7540874315557198,2.5429207433016776,5.5654363746323146,0.0016838231574496376,3.710266517901365,1.3072795888407025,0.5240009551117666,1.2345668487146906,1.8399728459716849,0.33060134232145677,12.270466094612736,3.9225378791786767,2.1990341229466903,3.0706551568552243,5.830204666621302
3_12_100_median,0.13498154598069334,7.817523408374657,3.2981939883264753,1.5548074027679153,2.8350106192072424,4.960462524434817,0.04920102533594495,2.5887731782387906,0.8793254704183171,0.3301014214568214,0.4795386242957713,1.2597118820013467,0.33536425973240425,7.962491068515832,3.457880405091915,1.5699047148738592,2.936931751052184,5.29308084226906
