min_x,max_x,mean_x,q25_x,q50_x,q75_x,min_y,max_y,mean_y,q25_y,q50_y,q75_y,min_euclidean,max_euclidean,mean_euclidean,q25_euclidean,q50_euclidean,q75_euclidean
0.13498154598069334,7.817523408374657,3.2981939883264753,1.5548074027679153,2.8350106192072424,4.960462524434817,0.04920102533594495,2.5887731782387906,0.8793254704183171,0.3301014214568214,0.4795386242957713,1.2597118820013467,0.33536425973240425,7.962491068515832,3.457880405091915,1.5699047148738592,2.936931751052184,5.29308084226906
