min_x,max_x,mean_x,q25_x,q50_x,q75_x,min_y,max_y,mean_y,q25_y,q50_y,q75_y,min_euclidean,max_euclidean,mean_euclidean,q25_euclidean,q50_euclidean,q75_euclidean
0.0983816572007159,21.730526079100265,5.146952989058407,2.3106451100466154,3.933941673052135,7.738720309899937,0.011844757027668962,6.724947511168369,1.2063130280543684,0.39242741716111373,0.8306008464989003,1.5079207570777688,0.7740517547185923,22.708453147001556,5.47170461165144,2.5462645698241495,4.235600530538738,7.754632790947557
