min_x,max_x,mean_x,q25_x,q50_x,q75_x,min_y,max_y,mean_y,q25_y,q50_y,q75_y,min_euclidean,max_euclidean,mean_euclidean,q25_euclidean,q50_euclidean,q75_euclidean
0.11601648523431418,12.35991357946498,4.42181606779395,1.6256234769943725,3.767640700427874,6.626673167288181,0.00475972079583542,3.8568387579792534,1.100243196408903,0.45754720291885786,0.8966021489984781,1.5300140319836646,0.5934044523128353,12.448455066209236,4.748860142259733,2.2427245788424117,4.02398759485101,6.791909027359954
