min_x,max_x,mean_x,q25_x,q50_x,q75_x,min_y,max_y,mean_y,q25_y,q50_y,q75_y,min_euclidean,max_euclidean,mean_euclidean,q25_euclidean,q50_euclidean,q75_euclidean
0.08448059069626623,13.545317828098224,5.755772292579576,0.5621232018738018,4.863577169457546,10.336392028028694,0.48389599936683503,2.5341947036332773,1.326841304599931,1.0284413046454635,1.2176367068625478,1.497639556522965,1.2205638533495329,13.591932399568169,6.285318303182147,1.6231293405684815,4.952101892433845,10.493185647893263
