min_x,max_x,mean_x,q25_x,q50_x,q75_x,min_y,max_y,mean_y,q25_y,q50_y,q75_y,min_euclidean,max_euclidean,mean_euclidean,q25_euclidean,q50_euclidean,q75_euclidean
0.10461690834130799,11.08931305260791,3.300227269368347,1.0787744633521124,2.93622656926355,5.138075669139159,0.037305709572265755,5.500497822796387,1.7528308709752636,0.792761496273072,1.428520996968139,2.4645538364266972,0.42203325085629384,11.089375802754041,4.117781735552058,2.195388253739131,3.825797936867471,5.567962927654294
