min_x,max_x,mean_x,q25_x,q50_x,q75_x,min_y,max_y,mean_y,q25_y,q50_y,q75_y,min_euclidean,max_euclidean,mean_euclidean,q25_euclidean,q50_euclidean,q75_euclidean
0.014858344793882372,6.205232762094374,1.958427540798974,0.7930025362962818,1.8238274443166445,2.954788659818334,0.13751776646315683,4.259487023176545,1.3043548697454554,0.2881363196247779,1.5878388292092112,1.729839027573469,0.28842083227908216,7.2817360121087935,2.5579064694478775,1.6573954345455952,2.452132112415583,3.364605157924126
