min_x,max_x,mean_x,q25_x,q50_x,q75_x,min_y,max_y,mean_y,q25_y,q50_y,q75_y,min_euclidean,max_euclidean,mean_euclidean,q25_euclidean,q50_euclidean,q75_euclidean
0.020748199222784258,8.201538182500963,1.7861461541967487,0.6559152448115455,1.3474593722870924,2.4314694964936354,0.13751776646315683,7.5012028133088355,1.644539278522341,0.2931259436482154,1.6974818116921213,2.294402453566189,0.28842083227908216,11.114552271927717,2.673445250433237,1.5679525394406661,2.4256318862165718,3.4198261785918533
