min_x,max_x,mean_x,q25_x,q50_x,q75_x,min_y,max_y,mean_y,q25_y,q50_y,q75_y,min_euclidean,max_euclidean,mean_euclidean,q25_euclidean,q50_euclidean,q75_euclidean
0.020748199222784258,6.205232762094374,1.891716609128015,0.6573434126303965,1.5425878942040914,2.7927557837946226,0.13751776646315683,7.577826729934812,1.8284362451933012,0.280887441145774,1.815802276780012,2.3112357589250756,0.28842083227908216,7.9774534139229,2.9552152802211005,1.6573954345455952,2.6064604938437,3.6675283730967188
