min_x,max_x,mean_x,q25_x,q50_x,q75_x,min_y,max_y,mean_y,q25_y,q50_y,q75_y,min_euclidean,max_euclidean,mean_euclidean,q25_euclidean,q50_euclidean,q75_euclidean
0.046303043874205585,7.507494890510145,2.00615135325585,0.9957898604072608,1.5113351244607554,2.6365080561746677,0.9064686858758364,4.698419803839023,1.615492797616026,1.1395648086175356,1.2041638457879458,1.6737260510775407,1.1959113550524578,7.696106077433472,2.792043611728173,1.5810677943106146,2.227406603276451,3.4713498142320933
