min_x,max_x,mean_x,q25_x,q50_x,q75_x,min_y,max_y,mean_y,q25_y,q50_y,q75_y,min_euclidean,max_euclidean,mean_euclidean,q25_euclidean,q50_euclidean,q75_euclidean
0.008527432112568789,7.769144176385732,3.276261570375447,1.5536838482148612,3.0784859711313004,4.812942632712563,0.007695915572535128,5.220995464086526,1.2139057879869823,0.4116736740257285,1.0728742695746099,1.5658315543660826,0.5496003010831275,7.8031899575095895,3.713070331480795,1.8710303524626626,3.655371531489909,5.100885202565185
