min_x,max_x,mean_x,q25_x,q50_x,q75_x,min_y,max_y,mean_y,q25_y,q50_y,q75_y,min_euclidean,max_euclidean,mean_euclidean,q25_euclidean,q50_euclidean,q75_euclidean
0.1485433368652771,13.20692105353487,5.023592748655414,1.977123197956516,3.873963894005151,8.678240829922682,0.08710859476098776,4.991026449820491,1.2942690075817551,0.45273805187082505,0.9492608680481469,1.4279448111406914,0.6306577327739442,14.018341917331849,5.469330019569253,2.741951913192139,4.233569471841754,8.695216165891592
