windowsettings,min_x,max_x,mean_x,q25_x,q50_x,q75_x,min_y,max_y,mean_y,q25_y,q50_y,q75_y,min_euclidean,max_euclidean,mean_euclidean,q25_euclidean,q50_euclidean,q75_euclidean
1_4_100_median,0.008527432112568789,7.769144176385732,3.276261570375447,1.5536838482148612,3.0784859711313004,4.812942632712563,0.007695915572535128,5.220995464086526,1.2139057879869823,0.4116736740257285,1.0728742695746099,1.5658315543660826,0.5496003010831275,7.8031899575095895,3.713070331480795,1.8710303524626626,3.655371531489909,5.100885202565185
3_4_100_median,0.16842510113849585,19.046574060274946,4.578571236119126,2.0530318147956708,3.568455783969317,6.3050240383652945,0.038156238864322845,13.34747026407819,2.3515064670353327,0.8322912628802279,1.5568163986668937,2.9002019846767513,0.8003111499880239,19.06433761930808,5.496793346371894,2.8211293861127658,3.953723859408233,6.959452443754848
1_12_100_median,0.03976820463845421,7.974194663719131,3.238513314714937,1.1963323916336819,3.058104645959925,4.553298500667287,0.05535484884916109,5.6030525033230845,1.3940728117270682,0.5612907180681264,1.1691860321325036,2.026005887562406,0.16227339085669393,7.996518768367315,3.8006667536711554,2.17157425247773,3.7539765719149027,5.011899151219996
3_12_100_median,0.26618805852857186,7.56722996130206,3.021818580236635,1.904945227843299,2.7685717261646863,3.410298957940139,0.06649992061268328,2.5583316178932396,1.2001796673196685,0.7626436850207536,1.3462283961673953,1.7228693308740484,0.2839592103465395,7.567522152373859,3.397068972846065,1.9998308280318304,3.1198023078303674,3.6793755039966065
3_12_100_tss,0.557855660777955,8.973258618657262,3.391503726882411,1.4208416899548189,1.981146335411813,5.3489507189068615,0.19174693677847898,5.340166809308268,1.6396664960008316,0.5837092835876865,1.299175598481213,2.701344763087189,1.3481693452200751,9.018529438690901,4.214363553655099,2.0655393029085456,3.5567773273171244,5.948255734091315
