min_x,max_x,mean_x,q25_x,q50_x,q75_x,min_y,max_y,mean_y,q25_y,q50_y,q75_y,min_euclidean,max_euclidean,mean_euclidean,q25_euclidean,q50_euclidean,q75_euclidean
0.0025248528,8.151932,1.7385362,0.690554141998291,1.3106231689453125,2.3210926055908203,0.0049562454,6.0532446,1.777581,0.4261739253997803,1.4079322814941406,2.8440102338790894,0.28558287,9.322295,2.726511,1.2515538334846497,2.1794803142547607,4.120281219482422
