min_x,max_x,mean_x,q25_x,q50_x,q75_x,min_y,max_y,mean_y,q25_y,q50_y,q75_y,min_euclidean,max_euclidean,mean_euclidean,q25_euclidean,q50_euclidean,q75_euclidean
0.014255524,8.952524,1.563582,0.557358592748642,1.2324058413505554,2.232252597808838,0.06643677,4.3225594,1.7583427,0.613450288772583,1.7213730812072754,2.656557321548462,0.29615024,9.472046,2.536368,1.3431400060653687,2.2549465894699097,3.7057926654815674
