min_x,max_x,mean_x,q25_x,q50_x,q75_x,min_y,max_y,mean_y,q25_y,q50_y,q75_y,min_euclidean,max_euclidean,mean_euclidean,q25_euclidean,q50_euclidean,q75_euclidean
0.079722404,7.519528,2.3983076,1.0142086744308472,1.6895759105682373,3.4840290546417236,0.026843071,4.8766904,1.7936838,0.5967035293579102,1.7325525283813477,2.6587204933166504,0.6726775,7.548775,3.3261993,1.9526200592517853,3.0696455240249634,4.608802795410156
