min_x,max_x,mean_x,q25_x,q50_x,q75_x,min_y,max_y,mean_y,q25_y,q50_y,q75_y,min_euclidean,max_euclidean,mean_euclidean,q25_euclidean,q50_euclidean,q75_euclidean
0.10577679,9.660648,2.6496673,1.0429489016532898,2.2754716873168945,3.995980978012085,0.10506153,4.7624397,1.7387408,0.8602256774902344,1.5472187995910645,2.4251123666763306,0.33856142,9.831192,3.4032016,2.1359521746635437,3.447631597518921,4.605535507202148
