min_x,max_x,mean_x,q25_x,q50_x,q75_x,min_y,max_y,mean_y,q25_y,q50_y,q75_y,min_euclidean,max_euclidean,mean_euclidean,q25_euclidean,q50_euclidean,q75_euclidean
0.041770533,5.697664,1.4145958,0.6075694561004639,1.0922274589538574,1.7529616951942444,0.033495903,4.8973227,1.847156,0.770501971244812,1.6042592525482178,2.840239644050598,0.21791895,6.553369,2.5823255,1.5337160229682922,2.2073092460632324,3.533897042274475
