min_x,max_x,mean_x,q25_x,q50_x,q75_x,min_y,max_y,mean_y,q25_y,q50_y,q75_y,min_euclidean,max_euclidean,mean_euclidean,q25_euclidean,q50_euclidean,q75_euclidean
0.12035942,8.601484,1.6038557,0.8239250183105469,1.0936436653137207,2.114588677883148,0.048135757,5.598504,1.5804625,0.4219396114349365,1.2493152618408203,2.401873826980591,0.4061401,8.738864,2.5569139,1.3516522347927094,2.3383365869522095,3.2713889479637146
