min_x,max_x,mean_x,q25_x,q50_x,q75_x,min_y,max_y,mean_y,q25_y,q50_y,q75_y,min_euclidean,max_euclidean,mean_euclidean,q25_euclidean,q50_euclidean,q75_euclidean
0.011242181,3.4819345,1.3271152,0.4773937463760376,1.196101188659668,1.6642586588859558,0.0075645447,2.4452152,0.6751564,0.20624077320098877,0.3043537139892578,0.8196591138839722,0.10540718,3.4970284,1.6359134,0.7950685322284698,1.3265709280967712,2.6749064922332764
