min_x,max_x,mean_x,q25_x,q50_x,q75_x,min_y,max_y,mean_y,q25_y,q50_y,q75_y,min_euclidean,max_euclidean,mean_euclidean,q25_euclidean,q50_euclidean,q75_euclidean
0.1704216,2.6885405,1.2011874,0.623964250087738,1.1191545128822327,1.6614844799041748,0.017398834,3.1752229,1.1857896,0.3608553409576416,1.1332502365112305,1.89568030834198,0.71822166,3.2076056,1.8562979,1.1998016834259033,1.6772363781929016,2.4303751587867737
