min_x,max_x,mean_x,q25_x,q50_x,q75_x,min_y,max_y,mean_y,q25_y,q50_y,q75_y,min_euclidean,max_euclidean,mean_euclidean,q25_euclidean,q50_euclidean,q75_euclidean
0.2307558,6.218703,1.7072283,0.4637526273727417,1.2278608083724976,2.404013991355896,0.07610512,3.1229124,0.9450948,0.36293768882751465,0.6742467880249023,1.115193247795105,0.55896604,6.2493815,2.174506,1.019774168729782,1.852402150630951,2.980638563632965
