min_x,max_x,mean_x,q25_x,q50_x,q75_x,min_y,max_y,mean_y,q25_y,q50_y,q75_y,min_euclidean,max_euclidean,mean_euclidean,q25_euclidean,q50_euclidean,q75_euclidean
0.14694214,4.0798035,1.2912475,0.37081843614578247,1.2610176801681519,1.6702957153320312,0.054442406,2.2512932,0.9593289,0.3085942268371582,0.9943008422851562,1.3533952236175537,0.38838595,4.0868464,1.7902819,0.9878720641136169,1.854304850101471,2.288078725337982
