windowsettings,min_x,max_x,mean_x,q25_x,q50_x,q75_x,min_y,max_y,mean_y,q25_y,q50_y,q75_y,min_euclidean,max_euclidean,mean_euclidean,q25_euclidean,q50_euclidean,q75_euclidean
1_4_100_median,0.0025248528,8.151932,1.7385362,0.690554141998291,1.3106231689453125,2.3210926055908203,0.0049562454,6.0532446,1.777581,0.4261739253997803,1.4079322814941406,2.8440102338790894,0.28558287,9.322295,2.726511,1.2515538334846497,2.1794803142547607,4.120281219482422
3_4_100_median,0.10577679,9.660648,2.6496673,1.0429489016532898,2.2754716873168945,3.995980978012085,0.10506153,4.7624397,1.7387408,0.8602256774902344,1.5472187995910645,2.4251123666763306,0.33856142,9.831192,3.4032016,2.1359521746635437,3.447631597518921,4.605535507202148
1_12_100_median,0.12035942,8.601484,1.6038557,0.8239250183105469,1.0936436653137207,2.114588677883148,0.048135757,5.598504,1.5804625,0.4219396114349365,1.2493152618408203,2.401873826980591,0.4061401,8.738864,2.5569139,1.3516522347927094,2.3383365869522095,3.2713889479637146
3_12_100_median,0.1704216,2.6885405,1.2011874,0.623964250087738,1.1191545128822327,1.6614844799041748,0.017398834,3.1752229,1.1857896,0.3608553409576416,1.1332502365112305,1.89568030834198,0.71822166,3.2076056,1.8562979,1.1998016834259033,1.6772363781929016,2.4303751587867737
3_12_100_tss,0.011242181,3.4819345,1.3271152,0.4773937463760376,1.196101188659668,1.6642586588859558,0.0075645447,2.4452152,0.6751564,0.20624077320098877,0.3043537139892578,0.8196591138839722,0.10540718,3.4970284,1.6359134,0.7950685322284698,1.3265709280967712,2.6749064922332764
