windowsettings,min_x,max_x,mean_x,q25_x,q50_x,q75_x,min_y,max_y,mean_y,q25_y,q50_y,q75_y,min_euclidean,max_euclidean,mean_euclidean,q25_euclidean,q50_euclidean,q75_euclidean
1_4_100_median,0.014255524,8.952524,1.563582,0.557358592748642,1.2324058413505554,2.232252597808838,0.06643677,4.3225594,1.7583427,0.613450288772583,1.7213730812072754,2.656557321548462,0.29615024,9.472046,2.536368,1.3431400060653687,2.2549465894699097,3.7057926654815674
3_4_100_median,0.079722404,7.519528,2.3983076,1.0142086744308472,1.6895759105682373,3.4840290546417236,0.026843071,4.8766904,1.7936838,0.5967035293579102,1.7325525283813477,2.6587204933166504,0.6726775,7.548775,3.3261993,1.9526200592517853,3.0696455240249634,4.608802795410156
1_12_100_median,0.041770533,5.697664,1.4145958,0.6075694561004639,1.0922274589538574,1.7529616951942444,0.033495903,4.8973227,1.847156,0.770501971244812,1.6042592525482178,2.840239644050598,0.21791895,6.553369,2.5823255,1.5337160229682922,2.2073092460632324,3.533897042274475
3_12_100_median,0.2307558,6.218703,1.7072283,0.4637526273727417,1.2278608083724976,2.404013991355896,0.07610512,3.1229124,0.9450948,0.36293768882751465,0.6742467880249023,1.115193247795105,0.55896604,6.2493815,2.174506,1.019774168729782,1.852402150630951,2.980638563632965
3_12_100_tss,0.14694214,4.0798035,1.2912475,0.37081843614578247,1.2610176801681519,1.6702957153320312,0.054442406,2.2512932,0.9593289,0.3085942268371582,0.9943008422851562,1.3533952236175537,0.38838595,4.0868464,1.7902819,0.9878720641136169,1.854304850101471,2.288078725337982
