min_x,max_x,mean_x,q25_x,q50_x,q75_x,min_y,max_y,mean_y,q25_y,q50_y,q75_y,min_euclidean,max_euclidean,mean_euclidean,q25_euclidean,q50_euclidean,q75_euclidean
0.0044813156,7.731614,1.5723299,0.5810229778289795,1.102520227432251,2.2831737995147705,0.062236786,3.615901,1.0874689,0.4386603832244873,0.8358268737792969,1.5231167078018188,0.23184003,8.364851,2.055942,0.9133318662643433,1.7745384573936462,2.7371203303337097
