min_x,max_x,mean_x,q25_x,q50_x,q75_x,min_y,max_y,mean_y,q25_y,q50_y,q75_y,min_euclidean,max_euclidean,mean_euclidean,q25_euclidean,q50_euclidean,q75_euclidean
0.0044813156,7.731614,1.5723299,0.5810222625732422,1.1025207042694092,2.2831737995147705,0.062235832,3.615901,1.0874686,0.4386610984802246,0.8358278274536133,1.523115634918213,0.2318391,8.364851,2.055942,0.9133309721946716,1.7745385766029358,2.7371204495429993
