min_x,max_x,mean_x,q25_x,q50_x,q75_x,min_y,max_y,mean_y,q25_y,q50_y,q75_y,min_euclidean,max_euclidean,mean_euclidean,q25_euclidean,q50_euclidean,q75_euclidean
0.001335144,7.997065,2.524755,0.9409723281860352,2.182020902633667,3.5036418437957764,0.027422905,7.136969,2.14352,0.9052802324295044,2.023383617401123,3.2293096780776978,0.11948853,8.592869,3.575571,2.0444464087486267,3.4550092220306396,4.820525765419006
