min_x,max_x,mean_x,q25_x,q50_x,q75_x,min_y,max_y,mean_y,q25_y,q50_y,q75_y,min_euclidean,max_euclidean,mean_euclidean,q25_euclidean,q50_euclidean,q75_euclidean
0.17004013,3.178011,1.1700964,0.6137509346008301,0.9247068166732788,1.7819429636001587,0.055369377,2.8104343,0.97865105,0.5507110357284546,0.7802987098693848,1.1517939567565918,0.2371429,3.3515484,1.6763783,1.1035204827785492,1.576109230518341,2.2470726370811462
