min_x,max_x,mean_x,q25_x,q50_x,q75_x,min_y,max_y,mean_y,q25_y,q50_y,q75_y,min_euclidean,max_euclidean,mean_euclidean,q25_euclidean,q50_euclidean,q75_euclidean
0.23591232,3.2530441,1.3354405,0.7501766681671143,1.2822946906089783,1.6519383192062378,0.031701088,2.1385698,0.81327164,0.46166443824768066,0.8008508682250977,1.1222987174987793,0.5938191,3.322463,1.6731533,1.0851668417453766,1.4867594242095947,2.4337690472602844
