min_x,max_x,mean_x,q25_x,q50_x,q75_x,min_y,max_y,mean_y,q25_y,q50_y,q75_y,min_euclidean,max_euclidean,mean_euclidean,q25_euclidean,q50_euclidean,q75_euclidean
0.058412552,7.3100495,1.540744,0.6177694797515869,1.1610864400863647,2.24330735206604,0.039061546,6.3320093,1.6795156,0.6362209320068359,1.2489476203918457,2.1881473064422607,0.19501458,7.5570245,2.5292978,1.326026201248169,2.119028091430664,3.3258285522460938
