min_x,max_x,mean_x,q25_x,q50_x,q75_x,min_y,max_y,mean_y,q25_y,q50_y,q75_y,min_euclidean,max_euclidean,mean_euclidean,q25_euclidean,q50_euclidean,q75_euclidean
0.026966095,7.596126,1.4576112,0.7174687385559082,1.1616554260253906,1.8977219462394714,0.030947685,5.4412937,1.4973292,0.6291157007217407,1.0139737129211426,1.9667768478393555,0.17252208,8.971434,2.2965455,1.2613646686077118,1.9953989386558533,2.6925864815711975
