min_x,max_x,mean_x,q25_x,q50_x,q75_x,min_y,max_y,mean_y,q25_y,q50_y,q75_y,min_euclidean,max_euclidean,mean_euclidean,q25_euclidean,q50_euclidean,q75_euclidean
0.0036067963,3.899685,1.2032696,0.1808849722146988,0.925308346748352,1.5763211250305176,0.18182564,3.1653347,1.245305,0.5172266960144043,1.3621976375579834,1.9139620065689087,0.2687644,4.9325123,1.8923613,1.1497172117233276,1.9104862213134766,2.232134997844696
