windowsettings,min_x,max_x,mean_x,q25_x,q50_x,q75_x,min_y,max_y,mean_y,q25_y,q50_y,q75_y,min_euclidean,max_euclidean,mean_euclidean,q25_euclidean,q50_euclidean,q75_euclidean
1_4_100_median,0.06836891,5.5574207,1.5722775,0.8227279484272003,1.220832347869873,1.9112924337387085,0.006304741,5.2182665,1.7348751,0.7050129175186157,1.6266496181488037,2.544248342514038,0.21044834,5.9147644,2.569333,1.5388034582138062,2.169703483581543,3.3406614661216736
3_4_100_median,0.021453857,9.037674,2.4486005,1.0536543130874634,1.9787178039550781,2.9550681710243225,0.041534424,5.889083,1.972719,0.8295434713363647,1.7471706867218018,2.8099825382232666,0.43022752,9.391097,3.403555,1.921501338481903,3.1655102968215942,4.611899137496948
1_12_100_median,0.061440617,8.343275,1.5253747,0.6362764835357666,1.3137779235839844,1.939229965209961,0.02009201,6.7654476,1.6369044,0.5432771444320679,1.4716906547546387,2.14556086063385,0.17543416,8.7704525,2.4913218,1.4601563513278961,2.305852174758911,3.0903730392456055
3_12_100_median,0.0036067963,3.899685,1.2032696,0.1808849722146988,0.925308346748352,1.5763211250305176,0.18182564,3.1653347,1.245305,0.5172266960144043,1.3621976375579834,1.9139620065689087,0.2687644,4.9325123,1.8923613,1.1497172117233276,1.9104862213134766,2.232134997844696
3_12_100_tss,0.2199781,3.6234531,1.5929606,0.8467602729797363,1.3504087924957275,2.4357171058654785,0.00890255,2.4934855,0.6193068,0.19983530044555664,0.44707250595092773,0.8072549104690552,0.45284694,3.6969056,1.7959208,0.8964796513319016,1.5840250253677368,2.655641555786133
