min_x,max_x,mean_x,q25_x,q50_x,q75_x,min_y,max_y,mean_y,q25_y,q50_y,q75_y,min_euclidean,max_euclidean,mean_euclidean,q25_euclidean,q50_euclidean,q75_euclidean
0.06836891,5.5574207,1.5722775,0.8227279484272003,1.220832347869873,1.9112924337387085,0.006304741,5.2182665,1.7348751,0.7050129175186157,1.6266496181488037,2.544248342514038,0.21044834,5.9147644,2.569333,1.5388034582138062,2.169703483581543,3.3406614661216736
