windowsettings,min_x,max_x,mean_x,q25_x,q50_x,q75_x,min_y,max_y,mean_y,q25_y,q50_y,q75_y,min_euclidean,max_euclidean,mean_euclidean,q25_euclidean,q50_euclidean,q75_euclidean
1_4_100_median,0.026966095,7.596126,1.4576112,0.7174687385559082,1.1616554260253906,1.8977219462394714,0.030947685,5.4412937,1.4973292,0.6291157007217407,1.0139737129211426,1.9667768478393555,0.17252208,8.971434,2.2965455,1.2613646686077118,1.9953989386558533,2.6925864815711975
3_4_100_median,0.001335144,7.997065,2.524755,0.9409723281860352,2.182020902633667,3.5036418437957764,0.027422905,7.136969,2.14352,0.9052802324295044,2.023383617401123,3.2293096780776978,0.11948853,8.592869,3.575571,2.0444464087486267,3.4550092220306396,4.820525765419006
1_12_100_median,0.058412552,7.3100495,1.540744,0.6177694797515869,1.1610864400863647,2.24330735206604,0.039061546,6.3320093,1.6795156,0.6362209320068359,1.2489476203918457,2.1881473064422607,0.19501458,7.5570245,2.5292978,1.326026201248169,2.119028091430664,3.3258285522460938
3_12_100_median,0.17004013,3.178011,1.1700964,0.6137509346008301,0.9247068166732788,1.7819429636001587,0.055369377,2.8104343,0.97865105,0.5507110357284546,0.7802987098693848,1.1517939567565918,0.2371429,3.3515484,1.6763783,1.1035204827785492,1.576109230518341,2.2470726370811462
3_12_100_tss,0.23591232,3.2530441,1.3354405,0.7501766681671143,1.2822946906089783,1.6519383192062378,0.031701088,2.1385698,0.81327164,0.46166443824768066,0.8008508682250977,1.1222987174987793,0.5938191,3.322463,1.6731533,1.0851668417453766,1.4867594242095947,2.4337690472602844
