min_x,max_x,mean_x,q25_x,q50_x,q75_x,min_y,max_y,mean_y,q25_y,q50_y,q75_y,min_euclidean,max_euclidean,mean_euclidean,q25_euclidean,q50_euclidean,q75_euclidean
0.021453857,9.037674,2.4486005,1.0536543130874634,1.9787178039550781,2.9550681710243225,0.041534424,5.889083,1.972719,0.8295434713363647,1.7471706867218018,2.8099825382232666,0.43022752,9.391097,3.403555,1.921501338481903,3.1655102968215942,4.611899137496948
