min_x,max_x,mean_x,q25_x,q50_x,q75_x,min_y,max_y,mean_y,q25_y,q50_y,q75_y,min_euclidean,max_euclidean,mean_euclidean,q25_euclidean,q50_euclidean,q75_euclidean
0.2199781,3.6234531,1.5929606,0.8467602729797363,1.3504087924957275,2.4357171058654785,0.00890255,2.4934855,0.6193068,0.19983530044555664,0.44707250595092773,0.8072549104690552,0.45284694,3.6969056,1.7959208,0.8964796513319016,1.5840250253677368,2.655641555786133
