min_x,max_x,mean_x,q25_x,q50_x,q75_x,min_y,max_y,mean_y,q25_y,q50_y,q75_y,min_euclidean,max_euclidean,mean_euclidean,q25_euclidean,q50_euclidean,q75_euclidean
0.061440617,8.343275,1.5253747,0.6362764835357666,1.3137779235839844,1.939229965209961,0.02009201,6.7654476,1.6369044,0.5432771444320679,1.4716906547546387,2.14556086063385,0.17543416,8.7704525,2.4913218,1.4601563513278961,2.305852174758911,3.0903730392456055
