min_x,max_x,mean_x,q25_x,q50_x,q75_x,min_y,max_y,mean_y,q25_y,q50_y,q75_y,min_euclidean,max_euclidean,mean_euclidean,q25_euclidean,q50_euclidean,q75_euclidean
0.020594597,3.2758274,1.176858,0.488189697265625,1.0016107559204102,1.6240110397338867,0.024151802,6.462612,1.2200867,0.46315860748291016,0.8637185096740723,1.5341949462890625,0.33460617,6.6635404,1.8956532,1.0156766176223755,1.5521045923233032,2.4375669956207275
