min_x,max_x,mean_x,q25_x,q50_x,q75_x,min_y,max_y,mean_y,q25_y,q50_y,q75_y,min_euclidean,max_euclidean,mean_euclidean,q25_euclidean,q50_euclidean,q75_euclidean
0.22196198,4.6116905,1.6021498,0.4392622709274292,1.1889805793762207,2.452354907989502,0.1354208,5.0237427,1.4811039,0.4946470260620117,1.146270513534546,1.9136075973510742,0.45299378,5.0293036,2.4472852,1.1814168393611908,2.1491501331329346,3.7472347617149353
