min_x,max_x,mean_x,q25_x,q50_x,q75_x,min_y,max_y,mean_y,q25_y,q50_y,q75_y,min_euclidean,max_euclidean,mean_euclidean,q25_euclidean,q50_euclidean,q75_euclidean
0.0060498714,9.207878,1.5091946,0.4839284420013428,1.215850830078125,2.049046754837036,0.027112007,6.37346,1.7438866,0.5418412685394287,1.4238853454589844,2.3550373315811157,0.06794179,10.44554,2.5733037,1.497680902481079,2.0402647256851196,3.2539356350898743
