min_x,max_x,mean_x,q25_x,q50_x,q75_x,min_y,max_y,mean_y,q25_y,q50_y,q75_y,min_euclidean,max_euclidean,mean_euclidean,q25_euclidean,q50_euclidean,q75_euclidean
0.03896451,10.935133,2.7061186,0.8913829326629639,2.312412738800049,3.2374881505966187,0.048729897,5.6054397,2.086644,0.8077759742736816,1.7010014057159424,3.1015982627868652,0.09090457,12.038999,3.6953778,1.9611097872257233,3.2807719707489014,4.554265260696411
