windowsettings,min_x,max_x,mean_x,q25_x,q50_x,q75_x,min_y,max_y,mean_y,q25_y,q50_y,q75_y,min_euclidean,max_euclidean,mean_euclidean,q25_euclidean,q50_euclidean,q75_euclidean
1_4_100_median,0.0060498714,9.207878,1.5091946,0.4839284420013428,1.215850830078125,2.049046754837036,0.027112007,6.37346,1.7438866,0.5418412685394287,1.4238853454589844,2.3550373315811157,0.06794179,10.44554,2.5733037,1.497680902481079,2.0402647256851196,3.2539356350898743
3_4_100_median,0.03896451,10.935133,2.7061186,0.8913829326629639,2.312412738800049,3.2374881505966187,0.048729897,5.6054397,2.086644,0.8077759742736816,1.7010014057159424,3.1015982627868652,0.09090457,12.038999,3.6953778,1.9611097872257233,3.2807719707489014,4.554265260696411
1_12_100_median,0.0035619736,6.742651,1.4881037,0.4789574146270752,1.1586055755615234,1.8922889828681946,0.023852348,7.235491,1.7017057,0.5569217205047607,1.2922542095184326,2.2612810134887695,0.20638774,9.890181,2.5291336,1.4146702885627747,1.9003119468688965,3.1352864503860474
3_12_100_median,0.22196198,4.6116905,1.6021498,0.4392622709274292,1.1889805793762207,2.452354907989502,0.1354208,5.0237427,1.4811039,0.4946470260620117,1.146270513534546,1.9136075973510742,0.45299378,5.0293036,2.4472852,1.1814168393611908,2.1491501331329346,3.7472347617149353
3_12_100_tss,0.06541568,3.7602854,1.4088811,0.5414501428604126,1.3740951418876648,1.7914305925369263,0.12594509,2.5070934,1.0636876,0.524519681930542,0.6144795417785645,1.656010627746582,0.51656413,4.153921,1.8635303,0.7676299214363098,1.7340856790542603,2.7055938839912415
