min_x,max_x,mean_x,q25_x,q50_x,q75_x,min_y,max_y,mean_y,q25_y,q50_y,q75_y,min_euclidean,max_euclidean,mean_euclidean,q25_euclidean,q50_euclidean,q75_euclidean
0.0035619736,6.742651,1.4881037,0.4789574146270752,1.1586055755615234,1.8922889828681946,0.023852348,7.235491,1.7017057,0.5569217205047607,1.2922542095184326,2.2612810134887695,0.20638774,9.890181,2.5291336,1.4146702885627747,1.9003119468688965,3.1352864503860474
