min_x,max_x,mean_x,q25_x,q50_x,q75_x,min_y,max_y,mean_y,q25_y,q50_y,q75_y,min_euclidean,max_euclidean,mean_euclidean,q25_euclidean,q50_euclidean,q75_euclidean
0.06541568,3.7602854,1.4088811,0.5414501428604126,1.3740951418876648,1.7914305925369263,0.12594509,2.5070934,1.0636876,0.524519681930542,0.6144795417785645,1.656010627746582,0.51656413,4.153921,1.8635303,0.7676299214363098,1.7340856790542603,2.7055938839912415
