min_x,max_x,mean_x,q25_x,q50_x,q75_x,min_y,max_y,mean_y,q25_y,q50_y,q75_y,min_euclidean,max_euclidean,mean_euclidean,q25_euclidean,q50_euclidean,q75_euclidean
0.017490387,7.6238394,1.4371411,0.4973635673522949,0.9957618713378906,1.737274169921875,0.0047216415,7.125166,1.5106506,0.3297710418701172,1.1380062103271484,2.183513641357422,0.074632645,10.435081,2.3198862,1.2394187450408936,2.203056573867798,2.8616886138916016
