min_x,max_x,mean_x,q25_x,q50_x,q75_x,min_y,max_y,mean_y,q25_y,q50_y,q75_y,min_euclidean,max_euclidean,mean_euclidean,q25_euclidean,q50_euclidean,q75_euclidean
0.017490387,7.6238403,1.4371411,0.4973635673522949,0.995762825012207,1.7372722625732422,0.0047216415,7.125166,1.5106508,0.3297710418701172,1.1380071640014648,2.1835145950317383,0.074632645,10.4350815,2.3198867,1.2394189834594727,2.2030563354492188,2.8616886138916016
