min_x,max_x,mean_x,q25_x,q50_x,q75_x,min_y,max_y,mean_y,q25_y,q50_y,q75_y,min_euclidean,max_euclidean,mean_euclidean,q25_euclidean,q50_euclidean,q75_euclidean
0.16266155,5.094755,1.7248286,0.6562979817390442,1.4345520734786987,2.6690038442611694,0.09261894,3.9592094,1.3187301,0.4533412456512451,1.116204023361206,2.0694905519485474,0.27129093,5.343984,2.416149,1.627240538597107,2.287442207336426,2.9098129272460938
