min_x,max_x,mean_x,q25_x,q50_x,q75_x,min_y,max_y,mean_y,q25_y,q50_y,q75_y,min_euclidean,max_euclidean,mean_euclidean,q25_euclidean,q50_euclidean,q75_euclidean
0.16266155,5.094755,1.7248286,0.6562978625297546,1.4345526695251465,2.6690040826797485,0.09261799,3.9592094,1.31873,0.4533419609069824,1.116204023361206,2.069491982460022,0.2712913,5.343983,2.4161487,1.6272405982017517,2.28744113445282,2.9098129272460938
