min_x,max_x,mean_x,q25_x,q50_x,q75_x,min_y,max_y,mean_y,q25_y,q50_y,q75_y,min_euclidean,max_euclidean,mean_euclidean,q25_euclidean,q50_euclidean,q75_euclidean
0.027593816741889654,8.400381456449873,2.7877312987480214,0.9028620382918073,2.3974102460020177,3.766827639496622,0.0655268134337561,3.5905187539444086,1.265572716557114,0.27882004566772256,1.1882232553576157,2.204285882146063,0.45728182053977307,8.410701630044315,3.358319697296884,1.8875994788195105,3.0277587066120786,4.164704373833263
