min_x,max_x,mean_x,q25_x,q50_x,q75_x,min_y,max_y,mean_y,q25_y,q50_y,q75_y,min_euclidean,max_euclidean,mean_euclidean,q25_euclidean,q50_euclidean,q75_euclidean
0.054574966,7.8132067,1.6100849,0.7887779474258423,1.2610396146774292,2.156404972076416,0.006123543,4.1004963,1.057564,0.1862938404083252,0.5702338218688965,1.8528804779052734,0.277025,8.2601,2.1136603,0.9279134571552277,1.9828120470046997,2.577741801738739
