model,min_x,max_x,mean_x,q25_x,q50_x,q75_x,min_y,max_y,mean_y,q25_y,q50_y,q75_y,min_euclidean,max_euclidean,mean_euclidean,q25_euclidean,q50_euclidean,q75_euclidean
M1,0.16266155,5.094755,1.7248286,0.6562979817390442,1.4345520734786987,2.6690038442611694,0.09261894,3.9592094,1.3187301,0.4533412456512451,1.116204023361206,2.0694905519485474,0.27129093,5.343984,2.416149,1.627240538597107,2.287442207336426,2.9098129272460938
M2,0.0044813156,7.731614,1.5723299,0.5810229778289795,1.102520227432251,2.2831737995147705,0.062236786,3.615901,1.0874689,0.4386603832244873,0.8358268737792969,1.5231167078018188,0.23184003,8.364851,2.055942,0.9133318662643433,1.7745384573936462,2.7371203303337097
M3,0.07109022,6.0318832,1.6954075,0.7377471923828125,1.4006531238555908,2.3361117839813232,0.18287277,3.917941,1.1834003,0.5212805271148682,0.9338927268981934,1.5754457712173462,0.4094522,6.0505776,2.2633214,1.4239597022533417,2.1490063667297363,3.061095893383026
