model,min_x,max_x,mean_x,q25_x,q50_x,q75_x,min_y,max_y,mean_y,q25_y,q50_y,q75_y,min_euclidean,max_euclidean,mean_euclidean,q25_euclidean,q50_euclidean,q75_euclidean,loss_mse,accuracy
M1,0.02388668,6.6250505,2.6984797,1.4945311546325684,2.5219478607177734,3.9425458908081055,0.27624607,5.642894,1.95264,1.006791591644287,1.7376184463500977,2.5152883529663086,0.95881134,6.974468,3.5924988,1.9589014053344727,3.514610528945923,4.650607585906982,0.020301278680562973,0.7894737124443054
M2,0.013698578,5.62533,1.4520676,0.42449450492858887,1.0364532470703125,2.151029586791992,0.010065079,4.5913143,1.1246105,0.32415103912353516,0.8553905487060547,1.5722465515136719,0.3523618,7.193874,2.0368354,0.8274630904197693,1.8199065923690796,2.661696434020996,0.008332479745149612,0.8947368264198303
M3,0.15332222,5.9064703,1.7705027,0.8615207672119141,1.490997314453125,2.286630630493164,0.0042676926,4.106988,0.9625214,0.32409191131591797,0.6204490661621094,1.4288854598999023,0.30007368,6.0083704,2.1760046,1.3476649522781372,1.809859275817871,2.512897491455078,0.00836622342467308,0.8771929740905762
M4,0.020594597,3.2758274,1.176858,0.488189697265625,1.0016107559204102,1.6240110397338867,0.024151802,6.462612,1.2200867,0.46315860748291016,0.8637185096740723,1.5341949462890625,0.33460617,6.6635404,1.8956532,1.0156766176223755,1.5521045923233032,2.4375669956207275,0.0075234356336295605,0.8947368264198303
M5,0.017490387,7.6238403,1.4371411,0.4973635673522949,0.995762825012207,1.7372722625732422,0.0047216415,7.125166,1.5106508,0.3297710418701172,1.1380071640014648,2.1835145950317383,0.074632645,10.4350815,2.3198867,1.2394189834594727,2.2030563354492188,2.8616886138916016,0.011946138925850391,0.859649121761322
