model,min_x,max_x,mean_x,q25_x,q50_x,q75_x,min_y,max_y,mean_y,q25_y,q50_y,q75_y,min_euclidean,max_euclidean,mean_euclidean,q25_euclidean,q50_euclidean,q75_euclidean
M1,0.023880959,6.6250477,2.6984797,1.4945306777954102,2.5219478607177734,3.9425430297851562,0.27624607,5.642892,1.9526402,1.006791591644287,1.7376203536987305,2.5152883529663086,0.95881206,6.974469,3.5924988,1.9589014053344727,3.5146093368530273,4.650606155395508
