model,min_x,max_x,mean_x,q25_x,q50_x,q75_x,min_y,max_y,mean_y,q25_y,q50_y,q75_y,min_euclidean,max_euclidean,mean_euclidean,q25_euclidean,q50_euclidean,q75_euclidean
M1,0.023880959,6.6250477,2.6984797,1.4945306777954102,2.5219478607177734,3.9425430297851562,0.27624607,5.642892,1.9526402,1.006791591644287,1.7376203536987305,2.5152883529663086,0.95881206,6.974469,3.5924988,1.9589014053344727,3.5146093368530273,4.650606155395508
M2,0.013698578,5.62533,1.4520677,0.42449450492858887,1.0364532470703125,2.151029586791992,0.010065079,4.5913153,1.1246105,0.32415199279785156,0.8553905487060547,1.5722455978393555,0.3523618,7.193874,2.0368354,0.8274630904197693,1.8199065923690796,2.6616933345794678
M3,0.15332413,5.9064703,1.7705026,0.8615207672119141,1.4909958839416504,2.286630630493164,0.0042676926,4.106988,0.96252126,0.32409191131591797,0.6204490661621094,1.4288873672485352,0.30007362,6.00837,2.1760044,1.3476642370224,1.8098598718643188,2.5129005908966064
