test_value,test_samples_amount,min_time_diff,max_time_diff,mean_time_diff,q25_time_diff,q50_time_diff,q75_time_diff,min_x,max_x,mean_x,q25_x,q50_x,q75_x,min_y,max_y,mean_y,q25_y,q50_y,q75_y,min_euclidean,max_euclidean,mean_euclidean,q25_euclidean,q50_euclidean,q75_euclidean,standard_deviation_euclidean
1,64,0.9029030799865723,0.918360710144043,0.9102802087390234,0.9074405431747437,0.9105739593505859,0.9131425619125366,0.052516937,7.3221817,2.5455098,1.1019033193588257,2.0481553077697754,3.569118618965149,0.24374676,4.996702,1.7641193,0.7741318941116333,1.5905652046203613,2.257846236228943,0.4907016,7.348736,3.4077992,1.9351709187030792,3.0853006839752197,4.810429930686951,1.7780379
2,64,0.9029030799865723,0.918360710144043,0.9102802087390234,0.9074405431747437,0.9105739593505859,0.9131425619125366,0.2926073,10.312371,2.7909522,1.8717834949493408,2.3714247941970825,3.6097538471221924,0.030070305,5.063708,1.7339554,0.7090296745300293,1.3912179470062256,2.4934492111206055,0.6540002,10.400726,3.5671077,2.408661901950836,3.163167357444763,4.305921316146851,1.6776669
3,54,0.9038422107696533,1.3721203804016113,1.0906937842099171,0.911909818649292,0.9163463115692139,1.3627276420593262,0.3954811,10.19321,4.028214,2.1905741691589355,3.870600938796997,5.678878545761108,0.009747505,5.5281553,1.3193034,0.3580193519592285,0.8388583660125732,1.6891045570373535,0.9396596,10.218357,4.5111656,2.8625125885009766,4.5452587604522705,6.1596139669418335,2.117009
4,37,1.3585646152496338,1.8288004398345947,1.5678815974129572,1.3662720918655396,1.3725306987762451,1.8171096444129944,0.07833576,9.08258,3.8834233,1.872237205505371,3.2235193252563477,6.0648088455200195,0.056469917,2.8837,1.065392,0.6126956939697266,1.0509843826293945,1.4107351303100586,0.7670488,9.082755,4.165296,2.2782328128814697,3.4201629161834717,6.128868103027344,2.3815176
5,27,1.8109495639801025,4.097000598907471,2.1532601851683397,1.82444167137146,2.2703189849853516,2.273470103740692,0.17741013,10.8325815,4.1435003,1.6314780712127686,4.4922356605529785,5.400712966918945,0.0068101883,2.5676966,0.7448285,0.34032678604125977,0.6087956428527832,0.9461755752563477,0.36375824,10.832667,4.296945,2.0376367568969727,4.520252704620361,5.4182798862457275,2.5990958
6,1,,,,,,,1.9619722,1.9619722,1.9619722,1.9619722366333008,1.9619722366333008,1.9619722366333008,5.510298,5.510298,5.510298,5.510297775268555,5.510297775268555,5.510297775268555,5.849164,5.849164,5.849164,5.849164009094238,5.849164009094238,5.849164009094238,
