predicted_x,predicted_y,real_x,real_y,deviation_x,deviation_y,eclidean_distance
12.940953,9.617635,8.478181735,8.53510671,4.462771519699707,1.0825280632543937,4.592188655181333
12.948576,8.387562,7.789280209,8.524781189,5.159295764510742,0.13721939090429736,5.161120222097003
11.528865,7.7658515,7.113419858000001,8.534,4.415445002534667,0.7681485023498542,4.481763792534217
9.17131,10.240878,5.618958827,8.677501716,3.5523515978046873,1.5633763891635741,3.8811528710706114
9.897358,11.051765,4.228324662,8.593126563,5.669033278673828,2.458638878894531,6.179226768093487
10.271567,9.794114,2.874872843,8.558531457,7.396694501665527,1.235582655854003,7.499183558922683
8.98151,10.200812,1.9992337539999998,8.541251477,6.982276408353516,1.6595608627827154,7.176790793936394
8.980944,9.387411,0.27266737,8.448,8.70827630980957,0.9394111175537105,8.758799548783731
