min_x,max_x,mean_x,q25_x,q50_x,q75_x,min_y,max_y,mean_y,q25_y,q50_y,q75_y,min_euclidean,max_euclidean,mean_euclidean,q25_euclidean,q50_euclidean,q75_euclidean
0.03540945,7.2510867,1.7310779,0.4508615732192993,1.5345659255981445,2.3478360176086426,0.09422016,5.7358513,2.0506523,0.7211779356002808,2.0613255500793457,2.9780126810073853,0.2764299,8.332794,2.9566514,1.5386242866516113,2.740147590637207,3.810291886329651
