min_x,max_x,mean_x,q25_x,q50_x,q75_x,min_y,max_y,mean_y,q25_y,q50_y,q75_y,min_euclidean,max_euclidean,mean_euclidean,q25_euclidean,q50_euclidean,q75_euclidean
0.02842176,8.649005,2.4791174,0.9995343685150146,2.0881218910217285,3.4188284873962402,0.004283905,6.821015,1.7823894,0.5431327819824219,1.6806669235229492,2.483121633529663,0.30894923,8.740417,3.4252563,2.123243510723114,3.1179792881011963,4.607113480567932
