min_x,max_x,mean_x,q25_x,q50_x,q75_x,min_y,max_y,mean_y,q25_y,q50_y,q75_y,min_euclidean,max_euclidean,mean_euclidean,q25_euclidean,q50_euclidean,q75_euclidean
0.0720067,11.413567,3.6779554,1.9104204177856445,2.8788108825683594,5.308572053909302,0.16033268,6.2374344,1.4699458,0.6521929502487183,1.212942361831665,1.7872767448425293,0.6627305,11.415127,4.233811,2.630613327026367,3.896313190460205,5.751054406166077
