min_x,max_x,mean_x,q25_x,q50_x,q75_x,min_y,max_y,mean_y,q25_y,q50_y,q75_y,min_euclidean,max_euclidean,mean_euclidean,q25_euclidean,q50_euclidean,q75_euclidean
0.10928488,4.110697,1.8980026,1.1333062648773193,1.710052251815796,2.5086252689361572,0.08040333,3.7340794,1.3543226,0.6010637283325195,1.1882290840148926,1.849907636642456,0.73621684,5.0680704,2.5393052,1.8732807338237762,2.443513035774231,2.881261467933655
