min_x,max_x,mean_x,q25_x,q50_x,q75_x,min_y,max_y,mean_y,q25_y,q50_y,q75_y,min_euclidean,max_euclidean,mean_euclidean,q25_euclidean,q50_euclidean,q75_euclidean
0.031108856,4.6922345,2.007386,1.3361629247665405,1.8133500814437866,2.590907335281372,0.12610626,5.7858887,2.1699252,1.4964606761932373,2.252901792526245,2.7538764476776123,1.7784998,6.1999693,3.2085807,2.3562785983085632,3.0868747234344482,3.3280029296875
