dataset,min_x,max_x,mean_x,q25_x,q50_x,q75_x,min_y,max_y,mean_y,q25_y,q50_y,q75_y,min_euclidean,max_euclidean,mean_euclidean,q25_euclidean,q50_euclidean,q75_euclidean
minsensors_10,0.15332413,5.9064703,1.7705026,0.8615207672119141,1.4909958839416504,2.286630630493164,0.0042676926,4.106988,0.96252126,0.32409191131591797,0.6204490661621094,1.4288873672485352,0.30007362,6.00837,2.1760044,1.3476642370224,1.8098598718643188,2.5129005908966064
minsensors_12,0.07109022,6.0318832,1.6954075,0.7377471923828125,1.4006531238555908,2.3361117839813232,0.18287277,3.917941,1.1834003,0.5212805271148682,0.9338927268981934,1.5754457712173462,0.4094522,6.0505776,2.2633214,1.4239597022533417,2.1490063667297363,3.061095893383026
