min_x,max_x,mean_x,q25_x,q50_x,q75_x,min_y,max_y,mean_y,q25_y,q50_y,q75_y,min_euclidean,max_euclidean,mean_euclidean,q25_euclidean,q50_euclidean,q75_euclidean
0.005856012113255815,4.490384198431139,1.8373924759383986,0.8866080775842906,1.5904481208330061,2.725401110057845,0.14301569889723886,4.19949614030301,1.051640639632474,0.2678418917530738,0.4706705374592506,1.6836466199654367,0.18667050562034615,4.724959857919761,2.304079846258515,1.0246955567138498,2.3469607470740814,3.31133462066279
