min_x,max_x,mean_x,q25_x,q50_x,q75_x,min_y,max_y,mean_y,q25_y,q50_y,q75_y,min_euclidean,max_euclidean,mean_euclidean,q25_euclidean,q50_euclidean,q75_euclidean
0.10075567602492441,14.416564165355464,3.838241702866059,1.0042347067518573,2.3239944183820818,6.323316472771596,0.245909528242942,8.13414850248515,3.504871766076634,1.6621996766823557,3.47221298774779,5.606261704925895,0.32997024647952744,15.045060589510229,5.735074900856437,2.72483380151976,4.87966628789408,8.299153364028312
