min_x,max_x,mean_x,q25_x,q50_x,q75_x,min_y,max_y,mean_y,q25_y,q50_y,q75_y,min_euclidean,max_euclidean,mean_euclidean,q25_euclidean,q50_euclidean,q75_euclidean
0.016099194288816454,16.382376259556914,2.4219988896786013,0.8004033362871075,1.7708789086375614,3.077677633172221,0.08762438725173105,8.181571865217084,2.3154537829302755,0.39028366039931406,2.1898134681230736,3.5635973986059444,0.1853397415954713,18.311754970384616,3.647531049315781,1.975419843433909,2.932380562883136,4.677134158472706
