min_x,max_x,mean_x,q25_x,q50_x,q75_x,min_y,max_y,mean_y,q25_y,q50_y,q75_y,min_euclidean,max_euclidean,mean_euclidean,q25_euclidean,q50_euclidean,q75_euclidean
0.005856012113255815,6.035264395471449,2.077880219950867,1.1078876078100688,1.8603235459361454,2.862843262556872,0.24530394505202402,5.6010787234348065,1.5491968105395617,0.2888217730396949,1.0766961658781762,2.2345453235155297,0.27726473683589725,8.233862956678319,2.7522749032629825,1.254718498543804,2.6027079733006326,3.8421384934906806
