min_x,max_x,mean_x,q25_x,q50_x,q75_x,min_y,max_y,mean_y,q25_y,q50_y,q75_y,min_euclidean,max_euclidean,mean_euclidean,q25_euclidean,q50_euclidean,q75_euclidean
0.11030206799900988,12.520616272688475,2.4403137788180933,0.6481785118664263,1.6287307131307314,3.08888193905438,0.1292589468830787,8.116301441327924,2.5169983110407532,0.3698304457539283,2.200004908705349,3.636200147476794,0.1853397415954713,13.019454017270654,3.858399577421576,1.707267124792452,3.035547456793161,5.619210597439274
