windowsettings,min_x,max_x,mean_x,q25_x,q50_x,q75_x,min_y,max_y,mean_y,q25_y,q50_y,q75_y,min_euclidean,max_euclidean,mean_euclidean,q25_euclidean,q50_euclidean,q75_euclidean
1_4_100_median,0.11030206799900988,12.520616272688475,2.4403137788180933,0.6481785118664263,1.6287307131307314,3.08888193905438,0.1292589468830787,8.116301441327924,2.5169983110407532,0.3698304457539283,2.200004908705349,3.636200147476794,0.1853397415954713,13.019454017270654,3.858399577421576,1.707267124792452,3.035547456793161,5.619210597439274
3_4_100_median,0.10075567602492441,14.416564165355464,3.838241702866059,1.0042347067518573,2.3239944183820818,6.323316472771596,0.245909528242942,8.13414850248515,3.504871766076634,1.6621996766823557,3.47221298774779,5.606261704925895,0.32997024647952744,15.045060589510229,5.735074900856437,2.72483380151976,4.87966628789408,8.299153364028312
1_12_100_median,0.016099194288816454,16.382376259556914,2.4219988896786013,0.8004033362871075,1.7708789086375614,3.077677633172221,0.08762438725173105,8.181571865217084,2.3154537829302755,0.39028366039931406,2.1898134681230736,3.5635973986059444,0.1853397415954713,18.311754970384616,3.647531049315781,1.975419843433909,2.932380562883136,4.677134158472706
3_12_100_median,0.005856012113255815,6.035264395471449,2.077880219950867,1.1078876078100688,1.8603235459361454,2.862843262556872,0.24530394505202402,5.6010787234348065,1.5491968105395617,0.2888217730396949,1.0766961658781762,2.2345453235155297,0.27726473683589725,8.233862956678319,2.7522749032629825,1.254718498543804,2.6027079733006326,3.8421384934906806
3_12_100_tss,0.005856012113255815,4.490384198431139,1.8373924759383986,0.8866080775842906,1.5904481208330061,2.725401110057845,0.14301569889723886,4.19949614030301,1.051640639632474,0.2678418917530738,0.4706705374592506,1.6836466199654367,0.18667050562034615,4.724959857919761,2.304079846258515,1.0246955567138498,2.3469607470740814,3.31133462066279
